"","Site","DateTime","MeanDischarge","frch.fdom.1","fDOM.QSU","nitrateuM","frch.spcond.1","SpCond.uScm","frch.turb.1","Turbidity.FNU"
"1","FRCH",2020-07-26 00:45:00,619.168939123891,"2020-07-26 00:45:00",72.9536363636364,38.2085714285714,"2020-07-26 00:45:00",75.0818181818182,"2020-07-26 00:45:00",14.0381818181818
"2","FRCH",2020-07-26 01:00:00,617.514910847778,"2020-07-26 01:00:00",72.8427272727273,38.2157142857143,"2020-07-26 01:00:00",75.1,"2020-07-26 01:00:00",15.1745454545455
"3","FRCH",2020-07-26 01:15:00,616.365769327182,"2020-07-26 01:15:00",72.7190909090909,38.2085714285714,"2020-07-26 01:15:00",75.1090909090909,"2020-07-26 01:15:00",14.8881818181818
"4","FRCH",2020-07-26 01:30:00,618.813765552259,"2020-07-26 01:30:00",72.6545454545455,38.2157142857143,"2020-07-26 01:30:00",75.1272727272727,"2020-07-26 01:30:00",16.5681818181818
"5","FRCH",2020-07-26 01:45:00,618.841639154183,"2020-07-26 01:45:00",72.3854545454546,38.1964285714286,"2020-07-26 01:45:00",75.1181818181818,"2020-07-26 01:45:00",14.8872727272727
"6","FRCH",2020-07-26 02:00:00,620.701127818014,"2020-07-26 02:00:00",72.3863636363636,38.2028571428571,"2020-07-26 02:00:00",75.1636363636364,"2020-07-26 02:00:00",14.86
"7","FRCH",2020-07-26 02:15:00,622.177569308304,"2020-07-26 02:15:00",72.3445454545455,38.1485714285714,"2020-07-26 02:15:00",75.1818181818182,"2020-07-26 02:15:00",15.1145454545455
"8","FRCH",2020-07-26 02:30:00,625.746833452067,"2020-07-26 02:30:00",72.0136363636364,38.2007692307692,"2020-07-26 02:30:00",75.2,"2020-07-26 02:30:00",16.8918181818182
"9","FRCH",2020-07-26 02:45:00,621.794522134776,"2020-07-26 02:45:00",71.0918181818182,38.2269230769231,"2020-07-26 02:45:00",75.2272727272727,"2020-07-26 02:45:00",16.1445454545455
"10","FRCH",2020-07-26 03:00:00,627.839656105542,"2020-07-26 03:00:00",70.8,38.2430769230769,"2020-07-26 03:00:00",75.2727272727273,"2020-07-26 03:00:00",17.9090909090909
"11","FRCH",2020-07-26 03:15:00,633.268408913136,"2020-07-26 03:15:00",71.3627272727273,38.2507142857143,"2020-07-26 03:15:00",75.2909090909091,"2020-07-26 03:15:00",18.8981818181818
"12","FRCH",2020-07-26 03:30:00,628.250576880993,"2020-07-26 03:30:00",71.6354545454545,38.2764285714286,"2020-07-26 03:30:00",75.2818181818182,"2020-07-26 03:30:00",16.6363636363636
"13","FRCH",2020-07-26 03:45:00,632.941108943429,"2020-07-26 03:45:00",71.3236363636364,38.285,"2020-07-26 03:45:00",75.2909090909091,"2020-07-26 03:45:00",19.8490909090909
"14","FRCH",2020-07-26 04:00:00,634.090250464025,"2020-07-26 04:00:00",71.5409090909091,38.315,"2020-07-26 04:00:00",75.3,"2020-07-26 04:00:00",15.2172727272727
"15","FRCH",2020-07-26 04:15:00,635.800025943958,"2020-07-26 04:15:00",71.6063636363636,38.3085714285714,"2020-07-26 04:15:00",75.3,"2020-07-26 04:15:00",19.3127272727273
"16","FRCH",2020-07-26 04:30:00,634.501171239463,"2020-07-26 04:30:00",71.6063636363636,38.3178571428571,"2020-07-26 04:30:00",75.3181818181818,"2020-07-26 04:30:00",18.35
"17","FRCH",2020-07-26 04:45:00,636.1830731175,"2020-07-26 04:45:00",71.4072727272727,38.3078571428571,"2020-07-26 04:45:00",75.3272727272727,"2020-07-26 04:45:00",15.2572727272727
"18","FRCH",2020-07-26 05:00:00,640.312971220599,"2020-07-26 05:00:00",71.2027272727273,38.2935714285714,"2020-07-26 05:00:00",75.3181818181818,"2020-07-26 05:00:00",16.3390909090909
"19","FRCH",2020-07-26 05:15:00,638.808656128371,"2020-07-26 05:15:00",71.2963636363636,38.2621428571429,"2020-07-26 05:15:00",75.3181818181818,"2020-07-26 05:15:00",16.9981818181818
"20","FRCH",2020-07-26 05:30:00,638.248022169035,"2020-07-26 05:30:00",70.79,38.2542857142857,"2020-07-26 05:30:00",75.3090909090909,"2020-07-26 05:30:00",16.1218181818182
"21","FRCH",2020-07-26 05:45:00,639.724463659339,"2020-07-26 05:45:00",71.1663636363636,38.2635714285714,"2020-07-26 05:45:00",75.3363636363636,"2020-07-26 05:45:00",15.4672727272727
"22","FRCH",2020-07-26 06:00:00,634.173871269755,"2020-07-26 06:00:00",71.2445454545455,38.2678571428571,"2020-07-26 06:00:00",75.3181818181818,"2020-07-26 06:00:00",15.3290909090909
"23","FRCH",2020-07-26 06:15:00,645.975058017822,"2020-07-26 06:15:00",71.3909090909091,38.3242857142857,"2020-07-26 06:15:00",75.3181818181818,"2020-07-26 06:15:00",15.0827272727273
"24","FRCH",2020-07-26 06:30:00,645.975058017822,"2020-07-26 06:30:00",71.2154545454545,38.4142857142857,"2020-07-26 06:30:00",75.3181818181818,"2020-07-26 06:30:00",15.8036363636364
"25","FRCH",2020-07-26 06:45:00,644.853790099136,"2020-07-26 06:45:00",71.1890909090909,38.46,"2020-07-26 06:45:00",75.3090909090909,"2020-07-26 06:45:00",17.2636363636364
"26","FRCH",2020-07-26 07:00:00,645.619884446191,"2020-07-26 07:00:00",71.1736363636364,38.525,"2020-07-26 07:00:00",75.2909090909091,"2020-07-26 07:00:00",15.3345454545455
"27","FRCH",2020-07-26 07:15:00,648.4230542429,"2020-07-26 07:15:00",71.2109090909091,38.5492857142857,"2020-07-26 07:15:00",75.2272727272727,"2020-07-26 07:15:00",17.3109090909091
"28","FRCH",2020-07-26 07:30:00,646.563565579083,"2020-07-26 07:30:00",71.4036363636364,38.5514285714286,"2020-07-26 07:30:00",75.2090909090909,"2020-07-26 07:30:00",18.3663636363636
"29","FRCH",2020-07-26 07:45:00,651.254097641533,"2020-07-26 07:45:00",71.3590909090909,38.4664285714286,"2020-07-26 07:45:00",75.2,"2020-07-26 07:45:00",17.6063636363636
"30","FRCH",2020-07-26 08:00:00,654.468188213665,"2020-07-26 08:00:00",71.43,38.4328571428571,"2020-07-26 08:00:00",75.2,"2020-07-26 08:00:00",15.88
"31","FRCH",2020-07-26 08:15:00,655.383995744633,"2020-07-26 08:15:00",71.26,38.3985714285714,"2020-07-26 08:15:00",75.2,"2020-07-26 08:15:00",14.4090909090909
"32","FRCH",2020-07-26 08:30:00,652.225652376306,"2020-07-26 08:30:00",70.8963636363636,38.4264285714286,"2020-07-26 08:30:00",75.1909090909091,"2020-07-26 08:30:00",17.7081818181818
"33","FRCH",2020-07-26 08:45:00,655.79491652007,"2020-07-26 08:45:00",70.8918181818182,38.4092857142857,"2020-07-26 08:45:00",75.1909090909091,"2020-07-26 08:45:00",15.9009090909091
"34","FRCH",2020-07-26 09:00:00,653.935427856253,"2020-07-26 09:00:00",71.3181818181818,38.4557142857143,"2020-07-26 09:00:00",75.1727272727273,"2020-07-26 09:00:00",14.6009090909091
"35","FRCH",2020-07-26 09:15:00,660.074527807083,"2020-07-26 09:15:00",71.3163636363636,38.3921428571429,"2020-07-26 09:15:00",75.1818181818182,"2020-07-26 09:15:00",14.8636363636364
"36","FRCH",2020-07-26 09:30:00,660.046654205158,"2020-07-26 09:30:00",71.2018181818182,38.415,"2020-07-26 09:30:00",75.1272727272727,"2020-07-26 09:30:00",14.8181818181818
"37","FRCH",2020-07-26 09:45:00,655.290029764554,"2020-07-26 09:45:00",71.4109090909091,38.4157142857143,"2020-07-26 09:45:00",75.1272727272727,"2020-07-26 09:45:00",15.4754545454545
"38","FRCH",2020-07-26 10:00:00,659.869067419335,"2020-07-26 10:00:00",71.2245454545454,38.4235714285714,"2020-07-26 10:00:00",75.1181818181818,"2020-07-26 10:00:00",15.6590909090909
"39","FRCH",2020-07-26 10:15:00,661.662463705012,"2020-07-26 10:15:00",71.5909090909091,38.4171428571429,"2020-07-26 10:15:00",75.1181818181818,"2020-07-26 10:15:00",14.6618181818182
"40","FRCH",2020-07-26 10:30:00,666.325122165552,"2020-07-26 10:30:00",71.4354545454545,38.4428571428571,"2020-07-26 10:30:00",75.1181818181818,"2020-07-26 10:30:00",15.9854545454545
"41","FRCH",2020-07-26 10:45:00,661.07395614378,"2020-07-26 10:45:00",71.4663636363636,38.4542857142857,"2020-07-26 10:45:00",75.1454545454545,"2020-07-26 10:45:00",16.0709090909091
"42","FRCH",2020-07-26 11:00:00,666.380869369372,"2020-07-26 11:00:00",71.3763636363636,38.4442857142857,"2020-07-26 11:00:00",75.1454545454545,"2020-07-26 11:00:00",14.5590909090909
"43","FRCH",2020-07-26 11:15:00,666.352995767462,"2020-07-26 11:15:00",71.4227272727273,38.4471428571429,"2020-07-26 11:15:00",75.1818181818182,"2020-07-26 11:15:00",15.0027272727273
"44","FRCH",2020-07-26 11:30:00,670.099846697034,"2020-07-26 11:30:00",71.0863636363636,38.4764285714286,"2020-07-26 11:30:00",75.1727272727273,"2020-07-26 11:30:00",13.7818181818182
"45","FRCH",2020-07-26 11:45:00,667.474263686148,"2020-07-26 11:45:00",71.2509090909091,38.4828571428571,"2020-07-26 11:45:00",75.1818181818182,"2020-07-26 11:45:00",19.8763636363636
"46","FRCH",2020-07-26 12:00:00,672.0150825647,"2020-07-26 12:00:00",71.1972727272727,38.4885714285714,"2020-07-26 12:00:00",75.1727272727273,"2020-07-26 12:00:00",13.6272727272727
"47","FRCH",2020-07-26 12:15:00,667.24092969652,"2020-07-26 12:15:00",71.1436363636364,38.5207142857143,"2020-07-26 12:15:00",75.1727272727273,"2020-07-26 12:15:00",14.0609090909091
"48","FRCH",2020-07-26 12:30:00,673.724858044647,"2020-07-26 12:30:00",70.6681818181818,38.5085714285714,"2020-07-26 12:30:00",75.1636363636364,"2020-07-26 12:30:00",15.33
"49","FRCH",2020-07-26 12:45:00,673.313937269195,"2020-07-26 12:45:00",70.82,38.5321428571429,"2020-07-26 12:45:00",75.1727272727273,"2020-07-26 12:45:00",14.2945454545455
"50","FRCH",2020-07-26 13:00:00,672.492095718291,"2020-07-26 13:00:00",70.7036363636364,38.4914285714286,"2020-07-26 13:00:00",75.1818181818182,"2020-07-26 13:00:00",14.49
"51","FRCH",2020-07-26 13:15:00,673.164224085296,"2020-07-26 13:15:00",70.6227272727273,38.4628571428571,"2020-07-26 13:15:00",75.2090909090909,"2020-07-26 13:15:00",14.2736363636364
"52","FRCH",2020-07-26 13:30:00,672.04295616661,"2020-07-26 13:30:00",70.6381818181818,38.4571428571429,"2020-07-26 13:30:00",75.2090909090909,"2020-07-26 13:30:00",15.1263636363636
"53","FRCH",2020-07-26 13:45:00,670.921688247938,"2020-07-26 13:45:00",70.7327272727273,38.4485714285714,"2020-07-26 13:45:00",75.2181818181818,"2020-07-26 13:45:00",13.6618181818182
"54","FRCH",2020-07-26 14:00:00,669.800420329251,"2020-07-26 14:00:00",70.2609090909091,38.3985714285714,"2020-07-26 14:00:00",75.2090909090909,"2020-07-26 14:00:00",15.6354545454545
"55","FRCH",2020-07-26 14:15:00,676.350441055503,"2020-07-26 14:15:00",70.1145454545454,38.4185714285714,"2020-07-26 14:15:00",75.2272727272727,"2020-07-26 14:15:00",16.4618181818182
"56","FRCH",2020-07-26 14:30:00,674.640665575585,"2020-07-26 14:30:00",70.0154545454545,38.4178571428571,"2020-07-26 14:30:00",75.2090909090909,"2020-07-26 14:30:00",15.3136363636364
"57","FRCH",2020-07-26 14:45:00,670.538641074396,"2020-07-26 14:45:00",70.0409090909091,38.4071428571429,"2020-07-26 14:45:00",75.2272727272727,"2020-07-26 14:45:00",16.4072727272727
"58","FRCH",2020-07-26 15:00:00,670.716227860219,"2020-07-26 15:00:00",70.0545454545454,38.405,"2020-07-26 15:00:00",75.2,"2020-07-26 15:00:00",20.1318181818182
"59","FRCH",2020-07-26 15:15:00,675.023712749113,"2020-07-26 15:15:00",70.1036363636364,38.385,"2020-07-26 15:15:00",75.2,"2020-07-26 15:15:00",13.6372727272727
"60","FRCH",2020-07-26 15:30:00,672.164795748613,"2020-07-26 15:30:00",69.9154545454546,38.3221428571429,"2020-07-26 15:30:00",75.2,"2020-07-26 15:30:00",14.44
"61","FRCH",2020-07-26 15:45:00,674.313365605878,"2020-07-26 15:45:00",69.1190909090909,38.17,"2020-07-26 15:45:00",75.1818181818182,"2020-07-26 15:45:00",15.9727272727273
"62","FRCH",2020-07-26 16:00:00,677.499582576114,"2020-07-26 16:00:00",69.35,37.9892857142857,"2020-07-26 16:00:00",75.1727272727273,"2020-07-26 16:00:00",16.9090909090909
"63","FRCH",2020-07-26 16:15:00,679.919705199281,"2020-07-26 16:15:00",68.9772727272727,37.9878571428571,"2020-07-26 16:15:00",75.1181818181818,"2020-07-26 16:15:00",15.9063636363636
"64","FRCH",2020-07-26 16:30:00,676.378314657457,"2020-07-26 16:30:00",69.0972727272727,38.0128571428571,"2020-07-26 16:30:00",75.1181818181818,"2020-07-26 16:30:00",15.26
"65","FRCH",2020-07-26 16:45:00,671.865369380801,"2020-07-26 16:45:00",69.1327272727273,38.1357142857143,"2020-07-26 16:45:00",75.1636363636364,"2020-07-26 16:45:00",16.5845454545455
"66","FRCH",2020-07-26 17:00:00,679.386944841855,"2020-07-26 17:00:00",69.2045454545455,38.2471428571429,"2020-07-26 17:00:00",75.1636363636364,"2020-07-26 17:00:00",14.4181818181818
"67","FRCH",2020-07-26 17:15:00,675.406759922655,"2020-07-26 17:15:00",69.3481818181818,38.3164285714286,"2020-07-26 17:15:00",75.1636363636364,"2020-07-26 17:15:00",15.6327272727273
"68","FRCH",2020-07-26 17:30:00,679.209358056047,"2020-07-26 17:30:00",69.2790909090909,38.3514285714286,"2020-07-26 17:30:00",75.1818181818182,"2020-07-26 17:30:00",16.7081818181818
"69","FRCH",2020-07-26 17:45:00,681.807067465037,"2020-07-26 17:45:00",69.4036363636364,38.3285714285714,"2020-07-26 17:45:00",75.1545454545455,"2020-07-26 17:45:00",15.7909090909091
"70","FRCH",2020-07-26 18:00:00,682.012527852741,"2020-07-26 18:00:00",69.28,38.3457142857143,"2020-07-26 18:00:00",75.1636363636364,"2020-07-26 18:00:00",14.5290909090909
"71","FRCH",2020-07-26 18:15:00,683.339256159161,"2020-07-26 18:15:00",69.1636363636364,38.3257142857143,"2020-07-26 18:15:00",75.1636363636364,"2020-07-26 18:15:00",16.1390909090909
"72","FRCH",2020-07-26 18:30:00,681.657354281138,"2020-07-26 18:30:00",69.5945454545455,38.3171428571429,"2020-07-26 18:30:00",75.1909090909091,"2020-07-26 18:30:00",13.5936363636364
"73","FRCH",2020-07-26 18:45:00,682.956208985634,"2020-07-26 18:45:00",69.5118181818182,38.3342857142857,"2020-07-26 18:45:00",75.1909090909091,"2020-07-26 18:45:00",14.7818181818182
"74","FRCH",2020-07-26 19:00:00,665.754143031882,"2020-07-26 19:00:00",69.5563636363636,38.3285714285714,"2020-07-26 19:00:00",75.1636363636364,"2020-07-26 19:00:00",14.4618181818182
"75","FRCH",2020-07-26 19:15:00,683.133795771428,"2020-07-26 19:15:00",69.7118181818182,38.3242857142857,"2020-07-26 19:15:00",75.1636363636364,"2020-07-26 19:15:00",18.79
"76","FRCH",2020-07-26 19:30:00,682.395575026283,"2020-07-26 19:30:00",69.6890909090909,38.3328571428571,"2020-07-26 19:30:00",75.1636363636364,"2020-07-26 19:30:00",13.6145454545455
"77","FRCH",2020-07-26 19:45:00,682.217988240474,"2020-07-26 19:45:00",69.4763636363636,38.3307142857143,"2020-07-26 19:45:00",75.1181818181818,"2020-07-26 19:45:00",14.7572727272727
"78","FRCH",2020-07-26 20:00:00,682.956208985634,"2020-07-26 20:00:00",69.6145454545454,38.3528571428571,"2020-07-26 20:00:00",75.1090909090909,"2020-07-26 20:00:00",15.3809090909091
"79","FRCH",2020-07-26 20:15:00,685.432078812621,"2020-07-26 20:15:00",69.4763636363636,38.4064285714286,"2020-07-26 20:15:00",75.1,"2020-07-26 20:15:00",15.9272727272727
"80","FRCH",2020-07-26 20:30:00,681.246433505687,"2020-07-26 20:30:00",69.3663636363636,38.4257142857143,"2020-07-26 20:30:00",75.0909090909091,"2020-07-26 20:30:00",15.97
"81","FRCH",2020-07-26 20:45:00,682.601035414002,"2020-07-26 20:45:00",69.5727272727273,38.4542857142857,"2020-07-26 20:45:00",75.1,"2020-07-26 20:45:00",21.3118181818182
"82","FRCH",2020-07-26 21:00:00,683.927763720407,"2020-07-26 21:00:00",69.3154545454545,38.455,"2020-07-26 21:00:00",75.0818181818182,"2020-07-26 21:00:00",15.9909090909091
"83","FRCH",2020-07-26 21:15:00,686.17029955778,"2020-07-26 21:15:00",69.2727272727273,38.4392857142857,"2020-07-26 21:15:00",75.1,"2020-07-26 21:15:00",15.9545454545455
"84","FRCH",2020-07-26 21:30:00,686.908520302924,"2020-07-26 21:30:00",69.4709090909091,38.4092857142857,"2020-07-26 21:30:00",75.1,"2020-07-26 21:30:00",17.0445454545455
"85","FRCH",2020-07-26 21:45:00,685.076905241003,"2020-07-26 21:45:00",69.3018181818182,38.3971428571429,"2020-07-26 21:45:00",75.1,"2020-07-26 21:45:00",16.4209090909091
"86","FRCH",2020-07-26 22:00:00,687.319441078376,"2020-07-26 22:00:00",69.2372727272727,38.3471428571429,"2020-07-26 22:00:00",75.1181818181818,"2020-07-26 22:00:00",14.4945454545455
"87","FRCH",2020-07-26 22:15:00,686.703059915191,"2020-07-26 22:15:00",69.59,38.3342857142857,"2020-07-26 22:15:00",75.1,"2020-07-26 22:15:00",13.6045454545455
"88","FRCH",2020-07-26 22:30:00,694.102795794272,"2020-07-26 22:30:00",69.6836363636364,38.2664285714286,"2020-07-26 22:30:00",75.1181818181818,"2020-07-26 22:30:00",16.3654545454545
"89","FRCH",2020-07-26 22:45:00,689.384390129911,"2020-07-26 22:45:00",69.3309090909091,38.2521428571429,"2020-07-26 22:45:00",75.1818181818182,"2020-07-26 22:45:00",13.88
"90","FRCH",2020-07-26 23:00:00,690.711118436331,"2020-07-26 23:00:00",69.4263636363636,38.2364285714286,"2020-07-26 23:00:00",75.2,"2020-07-26 23:00:00",14.6345454545455
"91","FRCH",2020-07-26 23:15:00,699.176375030263,"2020-07-26 23:15:00",69.4890909090909,38.2585714285714,"2020-07-26 23:15:00",75.2,"2020-07-26 23:15:00",14.8736363636364
"92","FRCH",2020-07-26 23:30:00,692.009973140797,"2020-07-26 23:30:00",69.5609090909091,38.26,"2020-07-26 23:30:00",75.2,"2020-07-26 23:30:00",15.6918181818182
"93","FRCH",2020-07-26 23:45:00,693.336701447217,"2020-07-26 23:45:00",69.6418181818182,38.24,"2020-07-26 23:45:00",75.1909090909091,"2020-07-26 23:45:00",14.5909090909091
"94","FRCH",2020-07-27 00:00:00,698.26056749931,"2020-07-27 00:00:00",69.46,38.26,"2020-07-27 00:00:00",75.1727272727273,"2020-07-27 00:00:00",13.8627272727273
"95","FRCH",2020-07-27 00:15:00,698.26056749931,"2020-07-27 00:15:00",69.5645454545455,38.2478571428571,"2020-07-27 00:15:00",75.1363636363636,"2020-07-27 00:15:00",15.2354545454545
"96","FRCH",2020-07-27 00:30:00,699.559422203776,"2020-07-27 00:30:00",69.6054545454545,38.2407142857143,"2020-07-27 00:30:00",75.1272727272727,"2020-07-27 00:30:00",14.45
"97","FRCH",2020-07-27 00:45:00,697.111425978714,"2020-07-27 00:45:00",69.8909090909091,38.2,"2020-07-27 00:45:00",75.1727272727273,"2020-07-27 00:45:00",13.8936363636364
"98","FRCH",2020-07-27 01:00:00,705.903982542353,"2020-07-27 01:00:00",69.8945454545455,38.1628571428571,"2020-07-27 01:00:00",75.2,"2020-07-27 01:00:00",16.0554545454545
"99","FRCH",2020-07-27 01:15:00,704.427541052049,"2020-07-27 01:15:00",70.0509090909091,38.1407142857143,"2020-07-27 01:15:00",75.2363636363636,"2020-07-27 01:15:00",14.6081818181818
"100","FRCH",2020-07-27 01:30:00,704.633001439754,"2020-07-27 01:30:00",69.9527272727273,38.0557142857143,"2020-07-27 01:30:00",75.2727272727273,"2020-07-27 01:30:00",16.2372727272727
"101","FRCH",2020-07-27 01:45:00,706.015476949993,"2020-07-27 01:45:00",68.7545454545455,38.09,"2020-07-27 01:45:00",75.2818181818182,"2020-07-27 01:45:00",25.1745454545455
"102","FRCH",2020-07-27 02:00:00,709.734454277655,"2020-07-27 02:00:00",69.3490909090909,38.0685714285714,"2020-07-27 02:00:00",75.3,"2020-07-27 02:00:00",14.6136363636364
"103","FRCH",2020-07-27 02:15:00,706.520363705509,"2020-07-27 02:15:00",69.6618181818182,38.025,"2020-07-27 02:15:00",75.3,"2020-07-27 02:15:00",16.1118181818182
"104","FRCH",2020-07-27 02:30:00,708.080426001543,"2020-07-27 02:30:00",69.8481818181818,37.9914285714286,"2020-07-27 02:30:00",75.3,"2020-07-27 02:30:00",15.6081818181818
"105","FRCH",2020-07-27 02:45:00,714.48073354394,"2020-07-27 02:45:00",69.8136363636364,37.9578571428571,"2020-07-27 02:45:00",75.3181818181818,"2020-07-27 02:45:00",15.7672727272727
"106","FRCH",2020-07-27 03:00:00,713.537052411048,"2020-07-27 03:00:00",69.7290909090909,37.915,"2020-07-27 03:00:00",75.3272727272727,"2020-07-27 03:00:00",17.5072727272727
"107","FRCH",2020-07-27 03:15:00,717.639076912237,"2020-07-27 03:15:00",69.5645454545455,37.93,"2020-07-27 03:15:00",75.3636363636364,"2020-07-27 03:15:00",15.7218181818182
"108","FRCH",2020-07-27 03:30:00,718.255458075408,"2020-07-27 03:30:00",69.62,37.9385714285714,"2020-07-27 03:30:00",75.3818181818182,"2020-07-27 03:30:00",15.6436363636364
"109","FRCH",2020-07-27 03:45:00,717.694824116057,"2020-07-27 03:45:00",69.3563636363636,37.9221428571429,"2020-07-27 03:45:00",75.3909090909091,"2020-07-27 03:45:00",15.2663636363636
"110","FRCH",2020-07-27 04:00:00,718.293676851652,"2020-07-27 04:00:00",69.5863636363636,37.8885714285714,"2020-07-27 04:00:00",75.3909090909091,"2020-07-27 04:00:00",14.5981818181818
"111","FRCH",2020-07-27 04:15:00,725.010939189393,"2020-07-27 04:15:00",69.3163636363636,37.9292857142857,"2020-07-27 04:15:00",75.4090909090909,"2020-07-27 04:15:00",17.3718181818182
"112","FRCH",2020-07-27 04:30:00,723.712084484912,"2020-07-27 04:30:00",69.1245454545455,37.9335714285714,"2020-07-27 04:30:00",75.4181818181818,"2020-07-27 04:30:00",15.3727272727273
"113","FRCH",2020-07-27 04:45:00,727.664395802218,"2020-07-27 04:45:00",69.2518181818182,37.9292857142857,"2020-07-27 04:45:00",75.4181818181818,"2020-07-27 04:45:00",13.8054545454545
"114","FRCH",2020-07-27 05:00:00,730.140265629219,"2020-07-27 05:00:00",69.1445454545455,37.9307142857143,"2020-07-27 05:00:00",75.4181818181818,"2020-07-27 05:00:00",14.04
"115","FRCH",2020-07-27 05:15:00,726.010367526105,"2020-07-27 05:15:00",68.9409090909091,37.8964285714286,"2020-07-27 05:15:00",75.4090909090909,"2020-07-27 05:15:00",16.6754545454545
"116","FRCH",2020-07-27 05:30:00,728.8135373228,"2020-07-27 05:30:00",68.6418181818182,37.885,"2020-07-27 05:30:00",75.4181818181818,"2020-07-27 05:30:00",14.6954545454545
"117","FRCH",2020-07-27 05:45:00,735.213844865182,"2020-07-27 05:45:00",68.8254545454545,37.8914285714286,"2020-07-27 05:45:00",75.4090909090909,"2020-07-27 05:45:00",15.0109090909091
"118","FRCH",2020-07-27 06:00:00,734.858671293565,"2020-07-27 06:00:00",68.4709090909091,37.8657142857143,"2020-07-27 06:00:00",75.4181818181818,"2020-07-27 06:00:00",15.8336363636364
"119","FRCH",2020-07-27 06:15:00,737.101207130923,"2020-07-27 06:15:00",68.78,37.8592857142857,"2020-07-27 06:15:00",75.4090909090909,"2020-07-27 06:15:00",14.9281818181818
"120","FRCH",2020-07-27 06:30:00,743.323927887497,"2020-07-27 06:30:00",68.8554545454545,37.8221428571429,"2020-07-27 06:30:00",75.4636363636364,"2020-07-27 06:30:00",15.6027272727273
"121","FRCH",2020-07-27 06:45:00,745.388876939061,"2020-07-27 06:45:00",68.9681818181818,37.8457142857143,"2020-07-27 06:45:00",75.4,"2020-07-27 06:45:00",15.1145454545455
"122","FRCH",2020-07-27 07:00:00,745.388876939061,"2020-07-27 07:00:00",68.9081818181818,37.7828571428571,"2020-07-27 07:00:00",75.4272727272727,"2020-07-27 07:00:00",15.1227272727273
"123","FRCH",2020-07-27 07:15:00,742.474212734698,"2020-07-27 07:15:00",68.9790909090909,37.7885714285714,"2020-07-27 07:15:00",75.4636363636364,"2020-07-27 07:15:00",14.9690909090909
"124","FRCH",2020-07-27 07:30:00,742.202659968811,"2020-07-27 07:30:00",68.88,37.77,"2020-07-27 07:30:00",75.4181818181818,"2020-07-27 07:30:00",14.2463636363636
"125","FRCH",2020-07-27 07:45:00,744.556690213823,"2020-07-27 07:45:00",69.1154545454545,37.78,"2020-07-27 07:45:00",75.4,"2020-07-27 07:45:00",13.4263636363636
"126","FRCH",2020-07-27 08:00:00,756.152416574187,"2020-07-27 08:00:00",68.9954545454545,37.7664285714286,"2020-07-27 08:00:00",75.4545454545455,"2020-07-27 08:00:00",13.2981818181818
"127","FRCH",2020-07-27 08:15:00,751.667344899455,"2020-07-27 08:15:00",69.0145454545455,37.7335714285714,"2020-07-27 08:15:00",75.4636363636364,"2020-07-27 08:15:00",14.6727272727273
"128","FRCH",2020-07-27 08:30:00,753.526833563272,"2020-07-27 08:30:00",68.9336363636364,37.7828571428571,"2020-07-27 08:30:00",75.4636363636364,"2020-07-27 08:30:00",16.7490909090909
"129","FRCH",2020-07-27 08:45:00,754.881435471587,"2020-07-27 08:45:00",68.6781818181818,37.7546153846154,"2020-07-27 08:45:00",75.4454545454546,"2020-07-27 08:45:00",13.9718181818182
"130","FRCH",2020-07-27 09:00:00,744.678529795812,"2020-07-27 09:00:00",68.5627272727273,37.7892307692308,"2020-07-27 09:00:00",75.4454545454546,"2020-07-27 09:00:00",14.2718181818182
"131","FRCH",2020-07-27 09:15:00,753.199533593564,"2020-07-27 09:15:00",69.0554545454546,37.765,"2020-07-27 09:15:00",75.4545454545455,"2020-07-27 09:15:00",13.6645454545455
"132","FRCH",2020-07-27 09:30:00,753.732293951005,"2020-07-27 09:30:00",68.4927272727273,37.765,"2020-07-27 09:30:00",75.4727272727273,"2020-07-27 09:30:00",14.9036363636364
"133","FRCH",2020-07-27 09:45:00,753.199533593564,"2020-07-27 09:45:00",68.8763636363636,37.7557142857143,"2020-07-27 09:45:00",75.4454545454546,"2020-07-27 09:45:00",13.9881818181818
"134","FRCH",2020-07-27 10:00:00,754.47051469615,"2020-07-27 10:00:00",68.9063636363636,37.7607142857143,"2020-07-27 10:00:00",75.4363636363636,"2020-07-27 10:00:00",14.8645454545455
"135","FRCH",2020-07-27 10:15:00,751.162458143939,"2020-07-27 10:15:00",68.9827272727273,37.7485714285714,"2020-07-27 10:15:00",75.4,"2020-07-27 10:15:00",15.75
"136","FRCH",2020-07-27 10:30:00,755.619656216732,"2020-07-27 10:30:00",69.14,37.715,"2020-07-27 10:30:00",75.4,"2020-07-27 10:30:00",13.5072727272727
"137","FRCH",2020-07-27 10:45:00,748.836301500836,"2020-07-27 10:45:00",69.0981818181818,37.7421428571429,"2020-07-27 10:45:00",75.4,"2020-07-27 10:45:00",15.8381818181818
"138","FRCH",2020-07-27 11:00:00,752.255852460687,"2020-07-27 11:00:00",69.09,37.7392857142857,"2020-07-27 11:00:00",75.4,"2020-07-27 11:00:00",15.6154545454545
"139","FRCH",2020-07-27 11:15:00,747.537446796341,"2020-07-27 11:15:00",69.2590909090909,37.7357142857143,"2020-07-27 11:15:00",75.3909090909091,"2020-07-27 11:15:00",17.3809090909091
"140","FRCH",2020-07-27 11:30:00,748.686588316938,"2020-07-27 11:30:00",69.4345454545455,37.7614285714286,"2020-07-27 11:30:00",75.3727272727273,"2020-07-27 11:30:00",13.8527272727273
"141","FRCH",2020-07-27 11:45:00,745.827671316409,"2020-07-27 11:45:00",69.4954545454545,37.76,"2020-07-27 11:45:00",75.3363636363636,"2020-07-27 11:45:00",15.8963636363636
"142","FRCH",2020-07-27 12:00:00,747.00468643893,"2020-07-27 12:00:00",69.4727272727273,37.77,"2020-07-27 12:00:00",75.3363636363636,"2020-07-27 12:00:00",14.6036363636364
"143","FRCH",2020-07-27 12:15:00,757.068224105125,"2020-07-27 12:15:00",69.6645454545455,37.7635714285714,"2020-07-27 12:15:00",75.3181818181818,"2020-07-27 12:15:00",13.4472727272727
"144","FRCH",2020-07-27 12:30:00,750.163029807227,"2020-07-27 12:30:00",69.7472727272727,37.7728571428571,"2020-07-27 12:30:00",75.3272727272727,"2020-07-27 12:30:00",12.8027272727273
"145","FRCH",2020-07-27 12:45:00,748.30354114341,"2020-07-27 12:45:00",69.8790909090909,37.7607142857143,"2020-07-27 12:45:00",75.3272727272727,"2020-07-27 12:45:00",13.6472727272727
"146","FRCH",2020-07-27 13:00:00,751.489758113632,"2020-07-27 13:00:00",69.7772727272727,37.775,"2020-07-27 13:00:00",75.3090909090909,"2020-07-27 13:00:00",14.0681818181818
"147","FRCH",2020-07-27 13:15:00,749.396935460158,"2020-07-27 13:15:00",69.9618181818182,37.7492857142857,"2020-07-27 13:15:00",75.3,"2020-07-27 13:15:00",13.3272727272727
"148","FRCH",2020-07-27 13:30:00,744.145769438386,"2020-07-27 13:30:00",69.8918181818182,37.7478571428571,"2020-07-27 13:30:00",75.2909090909091,"2020-07-27 13:30:00",13.6945454545455
"149","FRCH",2020-07-27 13:45:00,747.537446796341,"2020-07-27 13:45:00",69.8736363636364,37.7042857142857,"2020-07-27 13:45:00",75.2727272727273,"2020-07-27 13:45:00",13.8809090909091
"150","FRCH",2020-07-27 14:00:00,749.929695817598,"2020-07-27 14:00:00",70.0563636363636,37.6742857142857,"2020-07-27 14:00:00",75.2727272727273,"2020-07-27 14:00:00",13.34
"151","FRCH",2020-07-27 14:15:00,746.210718489951,"2020-07-27 14:15:00",69.8281818181818,37.6778571428571,"2020-07-27 14:15:00",75.2454545454545,"2020-07-27 14:15:00",14.0954545454545
"152","FRCH",2020-07-27 14:30:00,745.6500845306,"2020-07-27 14:30:00",69.7572727272727,37.6414285714286,"2020-07-27 14:30:00",75.2181818181818,"2020-07-27 14:30:00",13.9409090909091
"153","FRCH",2020-07-27 14:45:00,740.043744937211,"2020-07-27 14:45:00",70.1145454545454,37.6392857142857,"2020-07-27 14:45:00",75.2090909090909,"2020-07-27 14:45:00",12.9609090909091
"154","FRCH",2020-07-27 15:00:00,741.314726039767,"2020-07-27 15:00:00",70.1218181818182,37.635,"2020-07-27 15:00:00",75.2,"2020-07-27 15:00:00",13.9427272727273
"155","FRCH",2020-07-27 15:15:00,742.463867560364,"2020-07-27 15:15:00",70.1463636363636,37.6571428571429,"2020-07-27 15:15:00",75.1909090909091,"2020-07-27 15:15:00",13.0963636363636
"156","FRCH",2020-07-27 15:30:00,742.052946784926,"2020-07-27 15:30:00",70.3981818181818,37.63,"2020-07-27 15:30:00",75.2,"2020-07-27 15:30:00",13.3318181818182
"157","FRCH",2020-07-27 15:45:00,746.388305275745,"2020-07-27 15:45:00",70.2181818181818,37.64,"2020-07-27 15:45:00",75.2090909090909,"2020-07-27 15:45:00",13.42
"158","FRCH",2020-07-27 16:00:00,735.680512844468,"2020-07-27 16:00:00",70.3063636363636,37.6064285714286,"2020-07-27 16:00:00",75.2181818181818,"2020-07-27 16:00:00",13.49
"159","FRCH",2020-07-27 16:15:00,744.295482622285,"2020-07-27 16:15:00",70.4972727272727,37.6064285714286,"2020-07-27 16:15:00",75.2272727272727,"2020-07-27 16:15:00",14.1127272727273
"160","FRCH",2020-07-27 16:30:00,745.239163755148,"2020-07-27 16:30:00",70.49,37.565,"2020-07-27 16:30:00",75.2636363636364,"2020-07-27 16:30:00",13.8827272727273
"161","FRCH",2020-07-27 16:45:00,744.500943009989,"2020-07-27 16:45:00",70.7954545454545,37.5878571428571,"2020-07-27 16:45:00",75.2636363636364,"2020-07-27 16:45:00",13.5418181818182
"162","FRCH",2020-07-27 17:00:00,743.52938827523,"2020-07-27 17:00:00",70.7845454545455,37.5607142857143,"2020-07-27 17:00:00",75.2818181818182,"2020-07-27 17:00:00",13.5245454545455
"163","FRCH",2020-07-27 17:15:00,747.126526020904,"2020-07-27 17:15:00",70.7627272727273,37.5278571428571,"2020-07-27 17:15:00",75.2909090909091,"2020-07-27 17:15:00",14.5218181818182
"164","FRCH",2020-07-27 17:30:00,742.819041131981,"2020-07-27 17:30:00",70.8863636363636,37.4864285714286,"2020-07-27 17:30:00",75.2818181818182,"2020-07-27 17:30:00",14.5809090909091
"165","FRCH",2020-07-27 17:45:00,740.90380526433,"2020-07-27 17:45:00",70.84,37.4678571428571,"2020-07-27 17:45:00",75.2636363636364,"2020-07-27 17:45:00",14.2845454545455
"166","FRCH",2020-07-27 18:00:00,740.193458121095,"2020-07-27 18:00:00",70.9136363636364,37.4685714285714,"2020-07-27 18:00:00",75.2,"2020-07-27 18:00:00",13.7109090909091
"167","FRCH",2020-07-27 18:15:00,743.912435448758,"2020-07-27 18:15:00",71.0518181818182,37.4321428571429,"2020-07-27 18:15:00",75.1909090909091,"2020-07-27 18:15:00",13.3481818181818
"168","FRCH",2020-07-27 18:30:00,740.576505294623,"2020-07-27 18:30:00",71.0754545454545,37.3742857142857,"2020-07-27 18:30:00",75.1636363636364,"2020-07-27 18:30:00",15.9054545454545
"169","FRCH",2020-07-27 18:45:00,736.241146803804,"2020-07-27 18:45:00",71.0872727272727,37.31,"2020-07-27 18:45:00",75.1272727272727,"2020-07-27 18:45:00",13.6118181818182
"170","FRCH",2020-07-27 19:00:00,738.960695794769,"2020-07-27 19:00:00",71.1627272727273,37.2835714285714,"2020-07-27 19:00:00",75.1,"2020-07-27 19:00:00",16.0872727272727
"171","FRCH",2020-07-27 19:15:00,742.791167530086,"2020-07-27 19:15:00",71.36,37.2471428571429,"2020-07-27 19:15:00",75.0818181818182,"2020-07-27 19:15:00",15.41
"172","FRCH",2020-07-27 19:30:00,736.718159957396,"2020-07-27 19:30:00",71.1490909090909,37.1885714285714,"2020-07-27 19:30:00",75.0454545454545,"2020-07-27 19:30:00",19.2672727272727
"173","FRCH",2020-07-27 19:45:00,737.923048681827,"2020-07-27 19:45:00",71.2709090909091,37.1807142857143,"2020-07-27 19:45:00",75,"2020-07-27 19:45:00",15.6290909090909
"174","FRCH",2020-07-27 20:00:00,732.288835486484,"2020-07-27 20:00:00",71.1890909090909,37.1607142857143,"2020-07-27 20:00:00",74.9818181818182,"2020-07-27 20:00:00",15.8345454545455
"175","FRCH",2020-07-27 20:15:00,745.59433732678,"2020-07-27 20:15:00",71.2218181818182,37.0664285714286,"2020-07-27 20:15:00",74.9454545454546,"2020-07-27 20:15:00",16.2290909090909
"176","FRCH",2020-07-27 20:30:00,736.390859987689,"2020-07-27 20:30:00",71.3190909090909,37.0535714285714,"2020-07-27 20:30:00",74.9272727272727,"2020-07-27 20:30:00",15.5
"177","FRCH",2020-07-27 20:45:00,739.221903386293,"2020-07-27 20:45:00",71.3218181818182,37.0064285714286,"2020-07-27 20:45:00",74.9,"2020-07-27 20:45:00",15.1818181818182
"178","FRCH",2020-07-27 21:00:00,739.427363774041,"2020-07-27 21:00:00",71.1190909090909,36.9821428571429,"2020-07-27 21:00:00",74.8909090909091,"2020-07-27 21:00:00",15.6981818181818
"179","FRCH",2020-07-27 21:15:00,741.819612795269,"2020-07-27 21:15:00",71.2154545454545,36.9685714285714,"2020-07-27 21:15:00",74.8272727272727,"2020-07-27 21:15:00",15.6918181818182
"180","FRCH",2020-07-27 21:30:00,738.661269426972,"2020-07-27 21:30:00",71.1263636363636,36.9385714285714,"2020-07-27 21:30:00",74.8181818181818,"2020-07-27 21:30:00",16.7645454545455
"181","FRCH",2020-07-27 21:45:00,731.550614741369,"2020-07-27 21:45:00",71.1236363636364,36.9371428571429,"2020-07-27 21:45:00",74.8,"2020-07-27 21:45:00",17.5027272727273
"182","FRCH",2020-07-27 22:00:00,742.408120356558,"2020-07-27 22:00:00",71.3027272727273,36.9264285714286,"2020-07-27 22:00:00",74.7727272727273,"2020-07-27 22:00:00",16.6863636363636
"183","FRCH",2020-07-27 22:15:00,731.700327925253,"2020-07-27 22:15:00",71.1672727272727,36.8921428571429,"2020-07-27 22:15:00",74.7363636363636,"2020-07-27 22:15:00",16.9327272727273
"184","FRCH",2020-07-27 22:30:00,736.979367548949,"2020-07-27 22:30:00",71.0845454545454,36.8828571428571,"2020-07-27 22:30:00",74.7181818181818,"2020-07-27 22:30:00",18.7972727272727
"185","FRCH",2020-07-27 22:45:00,736.390859987689,"2020-07-27 22:45:00",70.9045454545455,36.8807142857143,"2020-07-27 22:45:00",74.6818181818182,"2020-07-27 22:45:00",19.1354545454545
"186","FRCH",2020-07-27 23:00:00,734.531371323857,"2020-07-27 23:00:00",71.0072727272727,36.8857142857143,"2020-07-27 23:00:00",74.6363636363636,"2020-07-27 23:00:00",18.0354545454545
"187","FRCH",2020-07-27 23:15:00,739.016442998574,"2020-07-27 23:15:00",70.8890909090909,36.8392857142857,"2020-07-27 23:15:00",74.6090909090909,"2020-07-27 23:15:00",18.8409090909091
"188","FRCH",2020-07-27 23:30:00,732.288835486484,"2020-07-27 23:30:00",71.1145454545454,36.8271428571429,"2020-07-27 23:30:00",74.5818181818182,"2020-07-27 23:30:00",21.3672727272727
"189","FRCH",2020-07-27 23:45:00,737.456380702541,"2020-07-27 23:45:00",71.1754545454545,36.8171428571429,"2020-07-27 23:45:00",74.5272727272727,"2020-07-27 23:45:00",16.8990909090909
"190","FRCH",2020-07-28 00:00:00,726.981922260908,"2020-07-28 00:00:00",71.2118181818182,36.82,"2020-07-28 00:00:00",74.4818181818182,"2020-07-28 00:00:00",21.2081818181818
"191","FRCH",2020-07-28 00:15:00,734.12045054842,"2020-07-28 00:15:00",71.1263636363636,36.8021428571429,"2020-07-28 00:15:00",74.4272727272727,"2020-07-28 00:15:00",17.23
"192","FRCH",2020-07-28 00:30:00,734.886544895475,"2020-07-28 00:30:00",71.1890909090909,36.7985714285714,"2020-07-28 00:30:00",74.4,"2020-07-28 00:30:00",19.5963636363636
"193","FRCH",2020-07-28 00:45:00,738.633395825047,"2020-07-28 00:45:00",70.5936363636364,36.7764285714286,"2020-07-28 00:45:00",74.3454545454545,"2020-07-28 00:45:00",18.7454545454545
"194","FRCH",2020-07-28 01:00:00,737.661841090259,"2020-07-28 01:00:00",70.9736363636364,36.7757142857143,"2020-07-28 01:00:00",74.3181818181818,"2020-07-28 01:00:00",18.3418181818182
"195","FRCH",2020-07-28 01:15:00,733.559816589084,"2020-07-28 01:15:00",71.1163636363636,36.7857142857143,"2020-07-28 01:15:00",74.2727272727273,"2020-07-28 01:15:00",18.8336363636364
"196","FRCH",2020-07-28 01:30:00,728.691697740825,"2020-07-28 01:30:00",70.9581818181818,36.8114285714286,"2020-07-28 01:30:00",74.2727272727273,"2020-07-28 01:30:00",17.7109090909091
"197","FRCH",2020-07-28 01:45:00,734.886544895475,"2020-07-28 01:45:00",71.1509090909091,36.7728571428571,"2020-07-28 01:45:00",74.2090909090909,"2020-07-28 01:45:00",19.7190909090909
"198","FRCH",2020-07-28 02:00:00,735.802352426457,"2020-07-28 02:00:00",71.28,36.8057142857143,"2020-07-28 02:00:00",74.2,"2020-07-28 02:00:00",16.9454545454545
"199","FRCH",2020-07-28 02:15:00,739.371616570206,"2020-07-28 02:15:00",71.1754545454545,36.8142857142857,"2020-07-28 02:15:00",74.1818181818182,"2020-07-28 02:15:00",18.2763636363636
"200","FRCH",2020-07-28 02:30:00,731.877914711062,"2020-07-28 02:30:00",71.0218181818182,36.82,"2020-07-28 02:30:00",74.1454545454545,"2020-07-28 02:30:00",22.2045454545455
"201","FRCH",2020-07-28 02:45:00,736.74603355932,"2020-07-28 02:45:00",71.0236363636364,36.7928571428571,"2020-07-28 02:45:00",74.1090909090909,"2020-07-28 02:45:00",19.8581818181818
"202","FRCH",2020-07-28 03:00:00,733.942863762612,"2020-07-28 03:00:00",71.1763636363636,36.7985714285714,"2020-07-28 03:00:00",74.1,"2020-07-28 03:00:00",19.0127272727273
"203","FRCH",2020-07-28 03:15:00,731.111820363993,"2020-07-28 03:15:00",71.1681818181818,36.7957142857143,"2020-07-28 03:15:00",74.1,"2020-07-28 03:15:00",21.7045454545455
"204","FRCH",2020-07-28 03:30:00,728.869284526649,"2020-07-28 03:30:00",70.7054545454545,36.8142857142857,"2020-07-28 03:30:00",74.0727272727273,"2020-07-28 03:30:00",19.09
"205","FRCH",2020-07-28 03:45:00,732.971309027809,"2020-07-28 03:45:00",71.2418181818182,36.8407142857143,"2020-07-28 03:45:00",74.0727272727273,"2020-07-28 03:45:00",20.2045454545455
"206","FRCH",2020-07-28 04:00:00,721.936216626826,"2020-07-28 04:00:00",71.2054545454545,36.8292857142857,"2020-07-28 04:00:00",74.0727272727273,"2020-07-28 04:00:00",18.5790909090909
"207","FRCH",2020-07-28 04:15:00,735.774478824504,"2020-07-28 04:15:00",71.2836363636364,36.8392857142857,"2020-07-28 04:15:00",74.0181818181818,"2020-07-28 04:15:00",19.6045454545455
"208","FRCH",2020-07-28 04:30:00,733.176769415542,"2020-07-28 04:30:00",71.4818181818182,36.865,"2020-07-28 04:30:00",74.0272727272727,"2020-07-28 04:30:00",17.0327272727273
"209","FRCH",2020-07-28 04:45:00,731.877914711062,"2020-07-28 04:45:00",71.5345454545455,36.8721428571429,"2020-07-28 04:45:00",74.0272727272727,"2020-07-28 04:45:00",17.9909090909091
"210","FRCH",2020-07-28 05:00:00,732.999182629748,"2020-07-28 05:00:00",71.5081818181818,36.8414285714286,"2020-07-28 05:00:00",74.0272727272727,"2020-07-28 05:00:00",18.1281818181818
"211","FRCH",2020-07-28 05:15:00,733.326482599441,"2020-07-28 05:15:00",71.4809090909091,36.9042857142857,"2020-07-28 05:15:00",74.0272727272727,"2020-07-28 05:15:00",23.7545454545455
"212","FRCH",2020-07-28 05:30:00,733.53194298716,"2020-07-28 05:30:00",71.5027272727273,36.8878571428571,"2020-07-28 05:30:00",74.0181818181818,"2020-07-28 05:30:00",18.7627272727273
"213","FRCH",2020-07-28 05:45:00,730.196012833039,"2020-07-28 05:45:00",71.4954545454545,36.905,"2020-07-28 05:45:00",74.0090909090909,"2020-07-28 05:45:00",17.9918181818182
"214","FRCH",2020-07-28 06:00:00,737.484254304465,"2020-07-28 06:00:00",71.6927272727273,36.9214285714286,"2020-07-28 06:00:00",74.0181818181818,"2020-07-28 06:00:00",18.8227272727273
"215","FRCH",2020-07-28 06:15:00,739.52132975409,"2020-07-28 06:15:00",72.0436363636364,36.9278571428571,"2020-07-28 06:15:00",74,"2020-07-28 06:15:00",26.5227272727273
"216","FRCH",2020-07-28 06:30:00,736.129652396135,"2020-07-28 06:30:00",71.9963636363636,36.9821428571429,"2020-07-28 06:30:00",74.0181818181818,"2020-07-28 06:30:00",17.3827272727273
"217","FRCH",2020-07-28 06:45:00,734.681084507771,"2020-07-28 06:45:00",72.23,37.0185714285714,"2020-07-28 06:45:00",74,"2020-07-28 06:45:00",17.27
"218","FRCH",2020-07-28 07:00:00,741.436565621741,"2020-07-28 07:00:00",71.9790909090909,37.0121428571429,"2020-07-28 07:00:00",74.0090909090909,"2020-07-28 07:00:00",18.4718181818182
"219","FRCH",2020-07-28 07:15:00,741.436565621741,"2020-07-28 07:15:00",72.67,37.0585714285714,"2020-07-28 07:15:00",74.0090909090909,"2020-07-28 07:15:00",16.7636363636364
"220","FRCH",2020-07-28 07:30:00,737.895175079902,"2020-07-28 07:30:00",72.7154545454545,37.0707142857143,"2020-07-28 07:30:00",74.0090909090909,"2020-07-28 07:30:00",16.7545454545455
"221","FRCH",2020-07-28 07:45:00,740.520758090803,"2020-07-28 07:45:00",72.6781818181818,37.115,"2020-07-28 07:45:00",74.0181818181818,"2020-07-28 07:45:00",16.7072727272727
"222","FRCH",2020-07-28 08:00:00,743.52938827523,"2020-07-28 08:00:00",72.9627272727273,37.1414285714286,"2020-07-28 08:00:00",74.0181818181818,"2020-07-28 08:00:00",17.4609090909091
"223","FRCH",2020-07-28 08:15:00,740.165584519185,"2020-07-28 08:15:00",72.9036363636364,37.1421428571429,"2020-07-28 08:15:00",74.0181818181818,"2020-07-28 08:15:00",16.5136363636364
"224","FRCH",2020-07-28 08:30:00,742.585707142338,"2020-07-28 08:30:00",72.5536363636364,37.1985714285714,"2020-07-28 08:30:00",74.0272727272727,"2020-07-28 08:30:00",17.0227272727273
"225","FRCH",2020-07-28 08:45:00,742.080820386836,"2020-07-28 08:45:00",73.2963636363636,37.2557142857143,"2020-07-28 08:45:00",74.0636363636364,"2020-07-28 08:45:00",28.3254545454545
"226","FRCH",2020-07-28 09:00:00,745.566463724856,"2020-07-28 09:00:00",73.1463636363636,37.3035714285714,"2020-07-28 09:00:00",74.0636363636364,"2020-07-28 09:00:00",16.7463636363636
"227","FRCH",2020-07-28 09:15:00,745.416750540971,"2020-07-28 09:15:00",73.1827272727273,37.355,"2020-07-28 09:15:00",74.0727272727273,"2020-07-28 09:15:00",17.1845454545455
"228","FRCH",2020-07-28 09:30:00,744.445195806184,"2020-07-28 09:30:00",73.3445454545455,37.4192857142857,"2020-07-28 09:30:00",74.0909090909091,"2020-07-28 09:30:00",15.6809090909091
"229","FRCH",2020-07-28 09:45:00,747.864746766034,"2020-07-28 09:45:00",73.5118181818182,37.4078571428571,"2020-07-28 09:45:00",74.1,"2020-07-28 09:45:00",15.7945454545455
"230","FRCH",2020-07-28 10:00:00,744.911863785441,"2020-07-28 10:00:00",73.6381818181818,37.4328571428571,"2020-07-28 10:00:00",74.1,"2020-07-28 10:00:00",16.0018181818182
"231","FRCH",2020-07-28 10:15:00,746.893192031261,"2020-07-28 10:15:00",73.3236363636364,37.4707142857143,"2020-07-28 10:15:00",74.1181818181818,"2020-07-28 10:15:00",25.0572727272727
"232","FRCH",2020-07-28 10:30:00,747.331986408637,"2020-07-28 10:30:00",73.5890909090909,37.4814285714286,"2020-07-28 10:30:00",74.1272727272727,"2020-07-28 10:30:00",14.2627272727273
"233","FRCH",2020-07-28 10:45:00,749.929695817598,"2020-07-28 10:45:00",73.75,37.4914285714286,"2020-07-28 10:45:00",74.1090909090909,"2020-07-28 10:45:00",15.7
"234","FRCH",2020-07-28 11:00:00,750.518203378844,"2020-07-28 11:00:00",73.9109090909091,37.5285714285714,"2020-07-28 11:00:00",74.1090909090909,"2020-07-28 11:00:00",14.2663636363636
"235","FRCH",2020-07-28 11:15:00,750.163029807227,"2020-07-28 11:15:00",73.6572727272727,37.5442857142857,"2020-07-28 11:15:00",74.1272727272727,"2020-07-28 11:15:00",18.8390909090909
"236","FRCH",2020-07-28 11:30:00,749.247222276288,"2020-07-28 11:30:00",73.88,37.5815384615385,"2020-07-28 11:30:00",74.1181818181818,"2020-07-28 11:30:00",16.4118181818182
"237","FRCH",2020-07-28 11:45:00,750.573950582679,"2020-07-28 11:45:00",74.1090909090909,37.5961538461538,"2020-07-28 11:45:00",74.1090909090909,"2020-07-28 11:45:00",15.1845454545455
"238","FRCH",2020-07-28 12:00:00,743.61300908096,"2020-07-28 12:00:00",73.9,37.6276923076923,"2020-07-28 12:00:00",74.1272727272727,"2020-07-28 12:00:00",20.1690909090909
"239","FRCH",2020-07-28 12:15:00,739.155811008153,"2020-07-28 12:15:00",74.0590909090909,37.6135714285714,"2020-07-28 12:15:00",74.1636363636364,"2020-07-28 12:15:00",20.0945454545455
"240","FRCH",2020-07-28 12:30:00,754.265054308431,"2020-07-28 12:30:00",74.1636363636364,37.6871428571429,"2020-07-28 12:30:00",74.1636363636364,"2020-07-28 12:30:00",16.3209090909091
"241","FRCH",2020-07-28 12:45:00,752.172231654957,"2020-07-28 12:45:00",74.1545454545455,37.6478571428571,"2020-07-28 12:45:00",74.1727272727273,"2020-07-28 12:45:00",15.7245454545455
"242","FRCH",2020-07-28 13:00:00,742.885133510135,"2020-07-28 13:00:00",74.2163636363636,37.6564285714286,"2020-07-28 13:00:00",74.1818181818182,"2020-07-28 13:00:00",13.3981818181818
"243","FRCH",2020-07-28 13:15:00,748.42538072537,"2020-07-28 13:15:00",74.3009090909091,37.7242857142857,"2020-07-28 13:15:00",74.2,"2020-07-28 13:15:00",14.2836363636364
"244","FRCH",2020-07-28 13:30:00,753.143786389744,"2020-07-28 13:30:00",74.29,37.7314285714286,"2020-07-28 13:30:00",74.2,"2020-07-28 13:30:00",16.3663636363636
"245","FRCH",2020-07-28 13:45:00,750.340616593036,"2020-07-28 13:45:00",74.2709090909091,37.7607142857143,"2020-07-28 13:45:00",74.2181818181818,"2020-07-28 13:45:00",14.1236363636364
"246","FRCH",2020-07-28 14:00:00,751.844931685249,"2020-07-28 14:00:00",74.5627272727273,37.77,"2020-07-28 14:00:00",74.2545454545455,"2020-07-28 14:00:00",14.1290909090909
"247","FRCH",2020-07-28 14:15:00,745.67795813251,"2020-07-28 14:15:00",74.5809090909091,37.7692857142857,"2020-07-28 14:15:00",74.2727272727273,"2020-07-28 14:15:00",15.9163636363636
"248","FRCH",2020-07-28 14:30:00,746.416178877655,"2020-07-28 14:30:00",74.6345454545455,37.78,"2020-07-28 14:30:00",74.2818181818182,"2020-07-28 14:30:00",13.6218181818182
"249","FRCH",2020-07-28 14:45:00,749.630269449815,"2020-07-28 14:45:00",74.6563636363636,37.83,"2020-07-28 14:45:00",74.3,"2020-07-28 14:45:00",13.5890909090909
"250","FRCH",2020-07-28 15:00:00,746.976812837005,"2020-07-28 15:00:00",74.7809090909091,37.8642857142857,"2020-07-28 15:00:00",74.3090909090909,"2020-07-28 15:00:00",15.5581818181818
"251","FRCH",2020-07-28 15:15:00,749.107854266695,"2020-07-28 15:15:00",73.9227272727273,37.8507142857143,"2020-07-28 15:15:00",74.3090909090909,"2020-07-28 15:15:00",16.5627272727273
"252","FRCH",2020-07-28 15:30:00,751.07883733818,"2020-07-28 15:30:00",74.0772727272727,37.8671428571429,"2020-07-28 15:30:00",74.3090909090909,"2020-07-28 15:30:00",15.1454545454545
"253","FRCH",2020-07-28 15:45:00,748.070207153782,"2020-07-28 15:45:00",74.3963636363636,37.8657142857143,"2020-07-28 15:45:00",74.3090909090909,"2020-07-28 15:45:00",16.03
"254","FRCH",2020-07-28 16:00:00,743.379675091317,"2020-07-28 16:00:00",74.3190909090909,37.8985714285714,"2020-07-28 16:00:00",74.3090909090909,"2020-07-28 16:00:00",14.5227272727273
"255","FRCH",2020-07-28 16:15:00,747.864746766034,"2020-07-28 16:15:00",74.6745454545455,37.9078571428571,"2020-07-28 16:15:00",74.3,"2020-07-28 16:15:00",14.6490909090909
"256","FRCH",2020-07-28 16:30:00,747.687159980254,"2020-07-28 16:30:00",74.4381818181818,37.945,"2020-07-28 16:30:00",74.3090909090909,"2020-07-28 16:30:00",15.2263636363636
"257","FRCH",2020-07-28 16:45:00,743.202088305523,"2020-07-28 16:45:00",74.6345454545455,37.9635714285714,"2020-07-28 16:45:00",74.3454545454545,"2020-07-28 16:45:00",15.5090909090909
"258","FRCH",2020-07-28 17:00:00,741.520186427486,"2020-07-28 17:00:00",74.6263636363636,38.0021428571429,"2020-07-28 17:00:00",74.3181818181818,"2020-07-28 17:00:00",16.23
"259","FRCH",2020-07-28 17:15:00,745.771924112603,"2020-07-28 17:15:00",74.5936363636364,37.9821428571429,"2020-07-28 17:15:00",74.3090909090909,"2020-07-28 17:15:00",18.1463636363636
"260","FRCH",2020-07-28 17:30:00,740.754092080417,"2020-07-28 17:30:00",74.5536363636364,38.0271428571429,"2020-07-28 17:30:00",74.3181818181818,"2020-07-28 17:30:00",13.6845454545455
"261","FRCH",2020-07-28 17:45:00,743.940309050668,"2020-07-28 17:45:00",74.3972727272727,38.0578571428571,"2020-07-28 17:45:00",74.3090909090909,"2020-07-28 17:45:00",14.2354545454545
"262","FRCH",2020-07-28 18:00:00,734.942292099309,"2020-07-28 18:00:00",74.4118181818182,38.0685714285714,"2020-07-28 18:00:00",74.2909090909091,"2020-07-28 18:00:00",17.57
"263","FRCH",2020-07-28 18:15:00,742.99662791779,"2020-07-28 18:15:00",74.2545454545455,38.0671428571429,"2020-07-28 18:15:00",74.2909090909091,"2020-07-28 18:15:00",14.1209090909091
"264","FRCH",2020-07-28 18:30:00,742.96875431588,"2020-07-28 18:30:00",73.7363636363636,38.125,"2020-07-28 18:30:00",74.3,"2020-07-28 18:30:00",14.67
"265","FRCH",2020-07-28 18:45:00,744.828242979711,"2020-07-28 18:45:00",74.1872727272727,38.1528571428571,"2020-07-28 18:45:00",74.3,"2020-07-28 18:45:00",15.5918181818182
"266","FRCH",2020-07-28 19:00:00,741.081392050139,"2020-07-28 19:00:00",74.0863636363636,38.1621428571429,"2020-07-28 19:00:00",74.3,"2020-07-28 19:00:00",14.0927272727273
"267","FRCH",2020-07-28 19:15:00,733.232516619377,"2020-07-28 19:15:00",74.5072727272727,38.1578571428571,"2020-07-28 19:15:00",74.3,"2020-07-28 19:15:00",13.3945454545455
"268","FRCH",2020-07-28 19:30:00,739.221903386293,"2020-07-28 19:30:00",74.68,38.2192857142857,"2020-07-28 19:30:00",74.3090909090909,"2020-07-28 19:30:00",13.3909090909091
"269","FRCH",2020-07-28 19:45:00,736.568446773512,"2020-07-28 19:45:00",74.5045454545455,38.22,"2020-07-28 19:45:00",74.3,"2020-07-28 19:45:00",14.7954545454545
"270","FRCH",2020-07-28 20:00:00,730.429346822682,"2020-07-28 20:00:00",74.4663636363636,38.2642857142857,"2020-07-28 20:00:00",74.3,"2020-07-28 20:00:00",13.93
"271","FRCH",2020-07-28 20:15:00,733.382229803276,"2020-07-28 20:15:00",74.3145454545455,38.3042857142857,"2020-07-28 20:15:00",74.2909090909091,"2020-07-28 20:15:00",14.4827272727273
"272","FRCH",2020-07-28 20:30:00,732.999182629748,"2020-07-28 20:30:00",73.03,38.3021428571429,"2020-07-28 20:30:00",74.3090909090909,"2020-07-28 20:30:00",15.8836363636364
"273","FRCH",2020-07-28 20:45:00,727.337095832525,"2020-07-28 20:45:00",74.3218181818182,38.3378571428571,"2020-07-28 20:45:00",74.3,"2020-07-28 20:45:00",17.1545454545455
"274","FRCH",2020-07-28 21:00:00,721.170122279756,"2020-07-28 21:00:00",74.3172727272727,38.3685714285714,"2020-07-28 21:00:00",74.3545454545455,"2020-07-28 21:00:00",13.7854545454545
"275","FRCH",2020-07-28 21:15:00,722.61869016815,"2020-07-28 21:15:00",74.5018181818182,38.3757142857143,"2020-07-28 21:15:00",74.3272727272727,"2020-07-28 21:15:00",13.0281818181818
"276","FRCH",2020-07-28 21:30:00,730.878486374349,"2020-07-28 21:30:00",74.4827272727273,38.3814285714286,"2020-07-28 21:30:00",74.3636363636364,"2020-07-28 21:30:00",13.3581818181818
"277","FRCH",2020-07-28 21:45:00,725.272146780946,"2020-07-28 21:45:00",74.1936363636364,38.45,"2020-07-28 21:45:00",74.3818181818182,"2020-07-28 21:45:00",15.8863636363636
"278","FRCH",2020-07-28 22:00:00,716.162635421948,"2020-07-28 22:00:00",74.3227272727273,38.5428571428571,"2020-07-28 22:00:00",74.4,"2020-07-28 22:00:00",15.3327272727273
"279","FRCH",2020-07-28 22:15:00,718.871839238564,"2020-07-28 22:15:00",73.8963636363636,38.6078571428571,"2020-07-28 22:15:00",74.4090909090909,"2020-07-28 22:15:00",15.6881818181818
"280","FRCH",2020-07-28 22:30:00,717.545110932173,"2020-07-28 22:30:00",74.0036363636364,38.6135714285714,"2020-07-28 22:30:00",74.4636363636364,"2020-07-28 22:30:00",13.9890909090909
"281","FRCH",2020-07-28 22:45:00,717.517237330263,"2020-07-28 22:45:00",74.1481818181818,38.5614285714286,"2020-07-28 22:45:00",74.4727272727273,"2020-07-28 22:45:00",14.7345454545455
"282","FRCH",2020-07-28 23:00:00,713.18187883943,"2020-07-28 23:00:00",74.1945454545454,38.5507142857143,"2020-07-28 23:00:00",74.4909090909091,"2020-07-28 23:00:00",13.7545454545455
"283","FRCH",2020-07-28 23:15:00,709.201693920229,"2020-07-28 23:15:00",74.2,38.4728571428571,"2020-07-28 23:15:00",74.5,"2020-07-28 23:15:00",12.8036363636364
"284","FRCH",2020-07-28 23:30:00,707.547665644117,"2020-07-28 23:30:00",74.0936363636364,38.4628571428571,"2020-07-28 23:30:00",74.5545454545454,"2020-07-28 23:30:00",13.4390909090909
"285","FRCH",2020-07-28 23:45:00,708.285886389262,"2020-07-28 23:45:00",74.0481818181818,38.4242857142857,"2020-07-28 23:45:00",74.5545454545454,"2020-07-28 23:45:00",13.7763636363636
"286","FRCH",2020-07-29 00:00:00,703.595354326812,"2020-07-29 00:00:00",73.8836363636364,38.3935714285714,"2020-07-29 00:00:00",74.5818181818182,"2020-07-29 00:00:00",13.3227272727273
"287","FRCH",2020-07-29 00:15:00,704.100241082328,"2020-07-29 00:15:00",73.9354545454545,38.3478571428571,"2020-07-29 00:15:00",74.5909090909091,"2020-07-29 00:15:00",13.2381818181818
"288","FRCH",2020-07-29 00:30:00,706.931284480946,"2020-07-29 00:30:00",73.6654545454546,38.3257142857143,"2020-07-29 00:30:00",74.5909090909091,"2020-07-29 00:30:00",13.78
"289","FRCH",2020-07-29 00:45:00,703.745067510725,"2020-07-29 00:45:00",73.7345454545455,38.3107142857143,"2020-07-29 00:45:00",74.6,"2020-07-29 00:45:00",13.1327272727273
"290","FRCH",2020-07-29 01:00:00,704.277827868136,"2020-07-29 01:00:00",73.5736363636364,38.2971428571429,"2020-07-29 01:00:00",74.6363636363636,"2020-07-29 01:00:00",13.9581818181818
"291","FRCH",2020-07-29 01:15:00,694.186416600016,"2020-07-29 01:15:00",73.59,38.3142857142857,"2020-07-29 01:15:00",74.6636363636364,"2020-07-29 01:15:00",13.0163636363636
"292","FRCH",2020-07-29 01:30:00,694.541590171633,"2020-07-29 01:30:00",73.49,38.305,"2020-07-29 01:30:00",74.6909090909091,"2020-07-29 01:30:00",14.01
"293","FRCH",2020-07-29 01:45:00,695.840444876114,"2020-07-29 01:45:00",73.23,38.2957142857143,"2020-07-29 01:45:00",74.6818181818182,"2020-07-29 01:45:00",14.2445454545455
"294","FRCH",2020-07-29 02:00:00,693.214861865228,"2020-07-29 02:00:00",73.3136363636364,38.2864285714286,"2020-07-29 02:00:00",74.6909090909091,"2020-07-29 02:00:00",13.06
"295","FRCH",2020-07-29 02:15:00,691.682673171104,"2020-07-29 02:15:00",73.4372727272727,38.2907142857143,"2020-07-29 02:15:00",74.7,"2020-07-29 02:15:00",13.7118181818182
"296","FRCH",2020-07-29 02:30:00,695.784697672294,"2020-07-29 02:30:00",73.2418181818182,38.2864285714286,"2020-07-29 02:30:00",74.7,"2020-07-29 02:30:00",12.8536363636364
"297","FRCH",2020-07-29 02:45:00,689.617724119555,"2020-07-29 02:45:00",73.2290909090909,38.3128571428571,"2020-07-29 02:45:00",74.7,"2020-07-29 02:45:00",13.4136363636364
"298","FRCH",2020-07-29 03:00:00,687.907948639637,"2020-07-29 03:00:00",73.3009090909091,38.285,"2020-07-29 03:00:00",74.7363636363636,"2020-07-29 03:00:00",12.7154545454545
"299","FRCH",2020-07-29 03:15:00,684.516271281667,"2020-07-29 03:15:00",72.9254545454545,38.2971428571429,"2020-07-29 03:15:00",74.7090909090909,"2020-07-29 03:15:00",13.57
"300","FRCH",2020-07-29 03:30:00,684.899318455195,"2020-07-29 03:30:00",73.1190909090909,38.3257142857143,"2020-07-29 03:30:00",74.7363636363636,"2020-07-29 03:30:00",13.9472727272727
"301","FRCH",2020-07-29 03:45:00,680.180912790835,"2020-07-29 03:45:00",72.9490909090909,38.3271428571429,"2020-07-29 03:45:00",74.7454545454545,"2020-07-29 03:45:00",14.5390909090909
"302","FRCH",2020-07-29 04:00:00,677.555329779949,"2020-07-29 04:00:00",73.1845454545455,38.3728571428571,"2020-07-29 04:00:00",74.7272727272727,"2020-07-29 04:00:00",13.7590909090909
"303","FRCH",2020-07-29 04:15:00,681.274307107611,"2020-07-29 04:15:00",72.9372727272727,38.3814285714286,"2020-07-29 04:15:00",74.7181818181818,"2020-07-29 04:15:00",14.2163636363636
"304","FRCH",2020-07-29 04:30:00,678.265676923169,"2020-07-29 04:30:00",72.9345454545455,38.3664285714286,"2020-07-29 04:30:00",74.7181818181818,"2020-07-29 04:30:00",14.5536363636364
"305","FRCH",2020-07-29 04:45:00,678.443263708992,"2020-07-29 04:45:00",72.8081818181818,38.3807142857143,"2020-07-29 04:45:00",74.7181818181818,"2020-07-29 04:45:00",13.3327272727273
"306","FRCH",2020-07-29 05:00:00,667.202710920275,"2020-07-29 05:00:00",72.7563636363636,38.3792857142857,"2020-07-29 05:00:00",74.7090909090909,"2020-07-29 05:00:00",13.5890909090909
"307","FRCH",2020-07-29 05:15:00,671.510195809184,"2020-07-29 05:15:00",72.6681818181818,38.3507142857143,"2020-07-29 05:15:00",74.7,"2020-07-29 05:15:00",14.4281818181818
"308","FRCH",2020-07-29 05:30:00,667.352424104174,"2020-07-29 05:30:00",72.5427272727273,38.3757142857143,"2020-07-29 05:30:00",74.7,"2020-07-29 05:30:00",14.3790909090909
"309","FRCH",2020-07-29 05:45:00,661.923671296579,"2020-07-29 05:45:00",72.6663636363636,38.3807142857143,"2020-07-29 05:45:00",74.7,"2020-07-29 05:45:00",13.0981818181818
"310","FRCH",2020-07-29 06:00:00,667.146963716426,"2020-07-29 06:00:00",72.6090909090909,38.3935714285714,"2020-07-29 06:00:00",74.7,"2020-07-29 06:00:00",15.8027272727273
"311","FRCH",2020-07-29 06:15:00,663.19465239915,"2020-07-29 06:15:00",72.4390909090909,38.3928571428571,"2020-07-29 06:15:00",74.6818181818182,"2020-07-29 06:15:00",13.5763636363636
"312","FRCH",2020-07-29 06:30:00,662.57827123598,"2020-07-29 06:30:00",72.6618181818182,38.4057142857143,"2020-07-29 06:30:00",74.6909090909091,"2020-07-29 06:30:00",13.6690909090909
"313","FRCH",2020-07-29 06:45:00,667.651850471957,"2020-07-29 06:45:00",72.7072727272727,38.4007142857143,"2020-07-29 06:45:00",74.6909090909091,"2020-07-29 06:45:00",13.7445454545455
"314","FRCH",2020-07-29 07:00:00,658.093199561263,"2020-07-29 07:00:00",72.1990909090909,38.4085714285714,"2020-07-29 07:00:00",74.6818181818182,"2020-07-29 07:00:00",14.4036363636364
"315","FRCH",2020-07-29 07:15:00,657.710152387735,"2020-07-29 07:15:00",72.4590909090909,38.4171428571429,"2020-07-29 07:15:00",74.7,"2020-07-29 07:15:00",14.7181818181818
"316","FRCH",2020-07-29 07:30:00,653.04749392721,"2020-07-29 07:30:00",72.5018181818182,38.43,"2020-07-29 07:30:00",74.6909090909091,"2020-07-29 07:30:00",14.3290909090909
"317","FRCH",2020-07-29 07:45:00,657.327105214194,"2020-07-29 07:45:00",72.3672727272727,38.4357142857143,"2020-07-29 07:45:00",74.7,"2020-07-29 07:45:00",17.1481818181818
"318","FRCH",2020-07-29 08:00:00,651.337718447263,"2020-07-29 08:00:00",72.9572727272727,38.4371428571429,"2020-07-29 08:00:00",74.7090909090909,"2020-07-29 08:00:00",14.6927272727273
"319","FRCH",2020-07-29 08:15:00,654.879108989102,"2020-07-29 08:15:00",72.5972727272727,38.46,"2020-07-29 08:15:00",74.7363636363636,"2020-07-29 08:15:00",13.2781818181818
"320","FRCH",2020-07-29 08:30:00,648.684261834453,"2020-07-29 08:30:00",73.1645454545455,38.4392857142857,"2020-07-29 08:30:00",74.7272727272727,"2020-07-29 08:30:00",13.0454545454545
"321","FRCH",2020-07-29 08:45:00,650.543750498298,"2020-07-29 08:45:00",73.2163636363636,38.4792857142857,"2020-07-29 08:45:00",74.7727272727273,"2020-07-29 08:45:00",13.2372727272727
"322","FRCH",2020-07-29 09:00:00,645.264710874588,"2020-07-29 09:00:00",73.0181818181818,38.4892857142857,"2020-07-29 09:00:00",74.7545454545455,"2020-07-29 09:00:00",13.0427272727273
"323","FRCH",2020-07-29 09:15:00,647.124199538419,"2020-07-29 09:15:00",73.2427272727273,38.5171428571429,"2020-07-29 09:15:00",74.7363636363636,"2020-07-29 09:15:00",13.2963636363636
"324","FRCH",2020-07-29 09:30:00,646.002931619732,"2020-07-29 09:30:00",73.3154545454545,38.5114285714286,"2020-07-29 09:30:00",74.7272727272727,"2020-07-29 09:30:00",14.91
"325","FRCH",2020-07-29 09:45:00,640.518431608318,"2020-07-29 09:45:00",73.3527272727273,38.5285714285714,"2020-07-29 09:45:00",74.7,"2020-07-29 09:45:00",12.9427272727273
"326","FRCH",2020-07-29 10:00:00,638.070435383255,"2020-07-29 10:00:00",73.3936363636364,38.5392857142857,"2020-07-29 10:00:00",74.7454545454545,"2020-07-29 10:00:00",13.6454545454545
"327","FRCH",2020-07-29 10:15:00,638.658942944487,"2020-07-29 10:15:00",73.4445454545455,38.535,"2020-07-29 10:15:00",74.7636363636364,"2020-07-29 10:15:00",31.9681818181818
"328","FRCH",2020-07-29 10:30:00,632.491969391747,"2020-07-29 10:30:00",73.4436363636364,38.555,"2020-07-29 10:30:00",74.7181818181818,"2020-07-29 10:30:00",13.4663636363636
"329","FRCH",2020-07-29 10:45:00,637.687388209713,"2020-07-29 10:45:00",73.5481818181818,38.5864285714286,"2020-07-29 10:45:00",74.7545454545455,"2020-07-29 10:45:00",12.8190909090909
"330","FRCH",2020-07-29 11:00:00,635.800025943958,"2020-07-29 11:00:00",73.3190909090909,38.575,"2020-07-29 11:00:00",74.7636363636364,"2020-07-29 11:00:00",12.7472727272727
"331","FRCH",2020-07-29 11:15:00,634.85634481108,"2020-07-29 11:15:00",73.4063636363636,38.5907142857143,"2020-07-29 11:15:00",74.7727272727273,"2020-07-29 11:15:00",12.9681818181818
"332","FRCH",2020-07-29 11:30:00,635.622439158149,"2020-07-29 11:30:00",73.3018181818182,38.6064285714286,"2020-07-29 11:30:00",74.7636363636364,"2020-07-29 11:30:00",11.9436363636364
"333","FRCH",2020-07-29 11:45:00,632.230761800194,"2020-07-29 11:45:00",73.2054545454545,38.6142857142857,"2020-07-29 11:45:00",74.7727272727273,"2020-07-29 11:45:00",15.6927272727273
"334","FRCH",2020-07-29 12:00:00,632.20288819827,"2020-07-29 12:00:00",73.2018181818182,38.6121428571429,"2020-07-29 12:00:00",74.7727272727273,"2020-07-29 12:00:00",12.6645454545455
"335","FRCH",2020-07-29 12:15:00,628.661497656445,"2020-07-29 12:15:00",73.4190909090909,38.6207142857143,"2020-07-29 12:15:00",74.7727272727273,"2020-07-29 12:15:00",13.4454545454545
"336","FRCH",2020-07-29 12:30:00,633.296282515061,"2020-07-29 12:30:00",72.9781818181818,38.5957142857143,"2020-07-29 12:30:00",74.7454545454545,"2020-07-29 12:30:00",12.8663636363636
"337","FRCH",2020-07-29 12:45:00,628.072990095156,"2020-07-29 12:45:00",73.3081818181818,38.6364285714286,"2020-07-29 12:45:00",74.7818181818182,"2020-07-29 12:45:00",13.2972727272727
"338","FRCH",2020-07-29 13:00:00,630.315525932529,"2020-07-29 13:00:00",73.1036363636364,38.6257142857143,"2020-07-29 13:00:00",74.7818181818182,"2020-07-29 13:00:00",13.0063636363636
"339","FRCH",2020-07-29 13:15:00,632.380474984093,"2020-07-29 13:15:00",73.0863636363636,38.6361538461538,"2020-07-29 13:15:00",74.7727272727273,"2020-07-29 13:15:00",12.6745454545455
"340","FRCH",2020-07-29 13:30:00,626.391088217148,"2020-07-29 13:30:00",72.96,38.64,"2020-07-29 13:30:00",74.7454545454545,"2020-07-29 13:30:00",12.19
"341","FRCH",2020-07-29 13:45:00,624.68131273723,"2020-07-29 13:45:00",72.9145454545455,38.65,"2020-07-29 13:45:00",74.7727272727273,"2020-07-29 13:45:00",12.7645454545455
"342","FRCH",2020-07-29 14:00:00,626.363214615252,"2020-07-29 14:00:00",72.7190909090909,38.6207692307692,"2020-07-29 14:00:00",74.7545454545455,"2020-07-29 14:00:00",13.2236363636364
"343","FRCH",2020-07-29 14:15:00,628.960924024228,"2020-07-29 14:15:00",72.6163636363636,38.6214285714286,"2020-07-29 14:15:00",74.7545454545455,"2020-07-29 14:15:00",13.2345454545455
"344","FRCH",2020-07-29 14:30:00,621.822395736686,"2020-07-29 14:30:00",72.6190909090909,38.6271428571429,"2020-07-29 14:30:00",74.7545454545455,"2020-07-29 14:30:00",13.3554545454545
"345","FRCH",2020-07-29 14:45:00,625.774707053977,"2020-07-29 14:45:00",72.4054545454545,38.615,"2020-07-29 14:45:00",74.7454545454545,"2020-07-29 14:45:00",13.1745454545455
"346","FRCH",2020-07-29 15:00:00,626.923848574574,"2020-07-29 15:00:00",72.2009090909091,38.6107142857143,"2020-07-29 15:00:00",74.7181818181818,"2020-07-29 15:00:00",13.0672727272727
"347","FRCH",2020-07-29 15:15:00,625.597120268183,"2020-07-29 15:15:00",72.4018181818182,38.6228571428571,"2020-07-29 15:15:00",74.7636363636364,"2020-07-29 15:15:00",13.6363636363636
"348","FRCH",2020-07-29 15:30:00,620.318080644487,"2020-07-29 15:30:00",72.3372727272727,38.6464285714286,"2020-07-29 15:30:00",74.7727272727273,"2020-07-29 15:30:00",13.0809090909091
"349","FRCH",2020-07-29 15:45:00,625.746833452067,"2020-07-29 15:45:00",72.1872727272727,38.6014285714286,"2020-07-29 15:45:00",74.7727272727273,"2020-07-29 15:45:00",12.8981818181818
"350","FRCH",2020-07-29 16:00:00,623.709758002442,"2020-07-29 16:00:00",71.9945454545455,38.6264285714286,"2020-07-29 16:00:00",74.7727272727273,"2020-07-29 16:00:00",13.7881818181818
"351","FRCH",2020-07-29 16:15:00,621.794522134776,"2020-07-29 16:15:00",71.8836363636364,38.6278571428571,"2020-07-29 16:15:00",74.7454545454545,"2020-07-29 16:15:00",12.6409090909091
"352","FRCH",2020-07-29 16:30:00,622.205442910228,"2020-07-29 16:30:00",71.9909090909091,38.6135714285714,"2020-07-29 16:30:00",74.7727272727273,"2020-07-29 16:30:00",13.0636363636364
"353","FRCH",2020-07-29 16:45:00,618.813765552259,"2020-07-29 16:45:00",71.7918181818182,38.615,"2020-07-29 16:45:00",74.7727272727273,"2020-07-29 16:45:00",13.2390909090909
"354","FRCH",2020-07-29 17:00:00,620.67325421609,"2020-07-29 17:00:00",71.7227272727273,38.6321428571429,"2020-07-29 17:00:00",74.7727272727273,"2020-07-29 17:00:00",13.1481818181818
"355","FRCH",2020-07-29 17:15:00,619.168939123891,"2020-07-29 17:15:00",71.6154545454546,38.6,"2020-07-29 17:15:00",74.7818181818182,"2020-07-29 17:15:00",16.0854545454545
"356","FRCH",2020-07-29 17:30:00,621.23388817544,"2020-07-29 17:30:00",71.6263636363636,38.6157142857143,"2020-07-29 17:30:00",74.7727272727273,"2020-07-29 17:30:00",13.3090909090909
"357","FRCH",2020-07-29 17:45:00,617.487037245868,"2020-07-29 17:45:00",71.5036363636364,38.6042857142857,"2020-07-29 17:45:00",74.7272727272727,"2020-07-29 17:45:00",12.3036363636364
"358","FRCH",2020-07-29 18:00:00,618.813765552259,"2020-07-29 18:00:00",71.5,38.6221428571429,"2020-07-29 18:00:00",74.7181818181818,"2020-07-29 18:00:00",12.3663636363636
"359","FRCH",2020-07-29 18:15:00,620.318080644487,"2020-07-29 18:15:00",71.3445454545455,38.6064285714286,"2020-07-29 18:15:00",74.7181818181818,"2020-07-29 18:15:00",13.0463636363636
"360","FRCH",2020-07-29 18:30:00,622.355156094127,"2020-07-29 18:30:00",71.3827272727273,38.5828571428571,"2020-07-29 18:30:00",74.7181818181818,"2020-07-29 18:30:00",12.8018181818182
"361","FRCH",2020-07-29 18:45:00,618.047671205204,"2020-07-29 18:45:00",71.2618181818182,38.5978571428571,"2020-07-29 18:45:00",74.7090909090909,"2020-07-29 18:45:00",12.8772727272727
"362","FRCH",2020-07-29 19:00:00,615.805135367846,"2020-07-29 19:00:00",71.0945454545455,38.6114285714286,"2020-07-29 19:00:00",74.7181818181818,"2020-07-29 19:00:00",13.2945454545455
"363","FRCH",2020-07-29 19:15:00,619.346525909699,"2020-07-29 19:15:00",71.1290909090909,38.6078571428571,"2020-07-29 19:15:00",74.7272727272727,"2020-07-29 19:15:00",12.4790909090909
"364","FRCH",2020-07-29 19:30:00,616.188182541373,"2020-07-29 19:30:00",71.1445454545455,38.6257142857143,"2020-07-29 19:30:00",74.7272727272727,"2020-07-29 19:30:00",12.6027272727273
"365","FRCH",2020-07-29 19:45:00,617.281576858149,"2020-07-29 19:45:00",70.9809090909091,38.645,"2020-07-29 19:45:00",74.7,"2020-07-29 19:45:00",12.6963636363636
"366","FRCH",2020-07-29 20:00:00,614.272946673722,"2020-07-29 20:00:00",70.6554545454545,38.6257142857143,"2020-07-29 20:00:00",74.7,"2020-07-29 20:00:00",12.8263636363636
"367","FRCH",2020-07-29 20:15:00,612.946218367331,"2020-07-29 20:15:00",70.7918181818182,38.6135714285714,"2020-07-29 20:15:00",74.7,"2020-07-29 20:15:00",13.1945454545455
"368","FRCH",2020-07-29 20:30:00,614.833580633058,"2020-07-29 20:30:00",70.5809090909091,38.6185714285714,"2020-07-29 20:30:00",74.7,"2020-07-29 20:30:00",13.2890909090909
"369","FRCH",2020-07-29 20:45:00,613.684439112461,"2020-07-29 20:45:00",70.6036363636364,38.635,"2020-07-29 20:45:00",74.7,"2020-07-29 20:45:00",12.9845454545455
"370","FRCH",2020-07-29 21:00:00,612.918344765392,"2020-07-29 21:00:00",70.2909090909091,38.6564285714286,"2020-07-29 21:00:00",74.7181818181818,"2020-07-29 21:00:00",13.1354545454545
"371","FRCH",2020-07-29 21:15:00,612.946218367331,"2020-07-29 21:15:00",70.2736363636364,38.6492857142857,"2020-07-29 21:15:00",74.7272727272727,"2020-07-29 21:15:00",13.9254545454545
"372","FRCH",2020-07-29 21:30:00,613.123805153125,"2020-07-29 21:30:00",70.2363636363636,38.6921428571429,"2020-07-29 21:30:00",74.7272727272727,"2020-07-29 21:30:00",12.9481818181818
"373","FRCH",2020-07-29 21:45:00,609.17149383582,"2020-07-29 21:45:00",70.2618181818182,38.6685714285714,"2020-07-29 21:45:00",74.7545454545455,"2020-07-29 21:45:00",13.4463636363636
"374","FRCH",2020-07-29 22:00:00,608.255686304881,"2020-07-29 22:00:00",70.2463636363636,38.6935714285714,"2020-07-29 22:00:00",74.7818181818182,"2020-07-29 22:00:00",12.9027272727273
"375","FRCH",2020-07-29 22:15:00,610.675808928034,"2020-07-29 22:15:00",70.3854545454546,38.715,"2020-07-29 22:15:00",74.8,"2020-07-29 22:15:00",12.7309090909091
"376","FRCH",2020-07-29 22:30:00,608.050225917148,"2020-07-29 22:30:00",70.1990909090909,38.7242857142857,"2020-07-29 22:30:00",74.8,"2020-07-29 22:30:00",14.0027272727273
"377","FRCH",2020-07-29 22:45:00,607.134418386195,"2020-07-29 22:45:00",69.9936363636364,38.7307142857143,"2020-07-29 22:45:00",74.8363636363636,"2020-07-29 22:45:00",13.2027272727273
"378","FRCH",2020-07-29 23:00:00,603.565154242417,"2020-07-29 23:00:00",69.7054545454545,38.7257142857143,"2020-07-29 23:00:00",74.8545454545455,"2020-07-29 23:00:00",16.2936363636364
"379","FRCH",2020-07-29 23:15:00,603.74274102824,"2020-07-29 23:15:00",69.7954545454545,38.7357142857143,"2020-07-29 23:15:00",74.8818181818182,"2020-07-29 23:15:00",16.62
"380","FRCH",2020-07-29 23:30:00,601.117158017354,"2020-07-29 23:30:00",69.9436363636364,38.7357142857143,"2020-07-29 23:30:00",74.9,"2020-07-29 23:30:00",12.8081818181818
"381","FRCH",2020-07-29 23:45:00,604.275501385651,"2020-07-29 23:45:00",69.8463636363636,38.7335714285714,"2020-07-29 23:45:00",74.9272727272727,"2020-07-29 23:45:00",13.4972727272727
"382","FRCH",2020-07-30 00:00:00,604.658548559193,"2020-07-30 00:00:00",69.6090909090909,38.7578571428571,"2020-07-30 00:00:00",74.9545454545455,"2020-07-30 00:00:00",13.3954545454545
"383","FRCH",2020-07-30 00:15:00,601.827505160574,"2020-07-30 00:15:00",69.4763636363636,38.75,"2020-07-30 00:15:00",75,"2020-07-30 00:15:00",14.7654545454545
