"","DateTime","Q","Site","day","fDOM.QSU","nitrateuM","SpCond.uScm","Turbidity.FNU","MeanDischarge"
"1",2021-08-21 01:35:00,1966.40635553852,"MOOS",2021-08-21,NA,NA,NA,NA,1966.40635553852
"2",2021-08-21 01:40:00,1943.75636632415,"MOOS",2021-08-21,NA,NA,NA,NA,1943.75636632415
"3",2021-08-21 01:45:00,1931.45133696764,"MOOS",2021-08-21,145.324,NA,106.28,59.4,1931.45133696764
"4",2021-08-21 01:50:00,1942.91548056714,"MOOS",2021-08-21,NA,NA,NA,NA,1942.91548056714
"5",2021-08-21 01:55:00,1947.67051351891,"MOOS",2021-08-21,NA,NA,NA,NA,1947.67051351891
"6",2021-08-21 02:00:00,1951.02806474408,"MOOS",2021-08-21,144.995,NA,106.2,64.8716666666667,1951.02806474408
"7",2021-08-21 02:05:00,1970.04220474849,"MOOS",2021-08-21,NA,NA,NA,NA,1970.04220474849
"8",2021-08-21 02:10:00,1962.77050632855,"MOOS",2021-08-21,NA,NA,NA,NA,1962.77050632855
"9",2021-08-21 02:15:00,1978.71138489502,"MOOS",2021-08-21,145.862,NA,106.1,62.864,1978.71138489502
"10",2021-08-21 02:20:00,1944.03466430894,"MOOS",2021-08-21,NA,NA,NA,NA,1944.03466430894
"11",2021-08-21 02:25:00,1929.21296948416,"MOOS",2021-08-21,NA,NA,NA,NA,1929.21296948416
"12",2021-08-21 02:30:00,1954.94221193885,"MOOS",2021-08-21,146.161666666667,NA,106.1,58.7483333333333,1954.94221193885
"13",2021-08-21 02:35:00,1972.28057223203,"MOOS",2021-08-21,NA,NA,NA,NA,1972.28057223203
"14",2021-08-21 02:40:00,1957.45887740713,"MOOS",2021-08-21,NA,NA,NA,NA,1957.45887740713
"15",2021-08-21 02:45:00,1994.08967568952,"MOOS",2021-08-21,147.336,NA,105.98,61.404,1994.08967568952
"16",2021-08-21 02:50:00,1983.74471583159,"MOOS",2021-08-21,NA,NA,NA,NA,1983.74471583159
"17",2021-08-21 02:55:00,1967.52553928026,"MOOS",2021-08-21,NA,NA,NA,NA,1967.52553928026
"18",2021-08-21 03:00:00,1946.27303179243,"MOOS",2021-08-21,148.078333333333,NA,105.9,55.2683333333333,1946.27303179243
"19",2021-08-21 03:05:00,1984.86389957339,"MOOS",2021-08-21,NA,NA,NA,NA,1984.86389957339
"20",2021-08-21 03:10:00,1978.15478892549,"MOOS",2021-08-21,NA,NA,NA,NA,1978.15478892549
"21",2021-08-21 03:15:00,1977.0356051838,"MOOS",2021-08-21,148.638,NA,105.86,57.926,1977.0356051838
"22",2021-08-21 03:20:00,1972.00227424724,"MOOS",2021-08-21,NA,NA,NA,NA,1972.00227424724
"23",2021-08-21 03:25:00,1978.43308691029,"MOOS",2021-08-21,NA,NA,NA,NA,1978.43308691029
"24",2021-08-21 03:30:00,1948.23310129106,"MOOS",2021-08-21,149.045,NA,105.7,59.26,1948.23310129106
"25",2021-08-21 03:35:00,1995.77144720341,"MOOS",2021-08-21,NA,NA,NA,NA,1995.77144720341
"26",2021-08-21 03:40:00,1992.97648375027,"MOOS",2021-08-21,NA,NA,NA,NA,1992.97648375027
"27",2021-08-21 03:45:00,2026.53402059467,"MOOS",2021-08-21,149.188,NA,105.6,56.852,2026.53402059467
"28",2021-08-21 03:50:00,2001.64566389675,"MOOS",2021-08-21,NA,NA,NA,NA,2001.64566389675
"29",2021-08-21 03:55:00,1998.00981468678,"MOOS",2021-08-21,NA,NA,NA,NA,1998.00981468678
"30",2021-08-21 04:00:00,2028.77238807804,"MOOS",2021-08-21,150.068333333333,NA,105.6,54.1633333333333,2028.77238807804
"31",2021-08-21 04:05:00,2012.83150951168,"MOOS",2021-08-21,NA,NA,NA,NA,2012.83150951168
"32",2021-08-21 04:10:00,2024.29565311118,"MOOS",2021-08-21,NA,NA,NA,NA,2024.29565311118
"33",2021-08-21 04:15:00,2015.34817497997,"MOOS",2021-08-21,150.906,NA,105.44,52.146,2015.34817497997
"34",2021-08-21 04:20:00,2005.55981109163,"MOOS",2021-08-21,NA,NA,NA,NA,2005.55981109163
"35",2021-08-21 04:25:00,2033.80571901461,"MOOS",2021-08-21,NA,NA,NA,NA,2033.80571901461
"36",2021-08-21 04:30:00,2030.16986980475,"MOOS",2021-08-21,151.033333333333,NA,105.4,58.5583333333333,2030.16986980475
"37",2021-08-21 04:35:00,2017.58654246345,"MOOS",2021-08-21,NA,NA,NA,NA,2017.58654246345
"38",2021-08-21 04:40:00,2018.98402418994,"MOOS",2021-08-21,NA,NA,NA,NA,2018.98402418994
"39",2021-08-21 04:45:00,1982.63152389246,"MOOS",2021-08-21,151.888,NA,105.3,49.52,1982.63152389246
"40",2021-08-21 04:50:00,1999.96988418553,"MOOS",2021-08-21,NA,NA,NA,NA,1999.96988418553
"41",2021-08-21 04:55:00,2066.24407211738,"MOOS",2021-08-21,NA,NA,NA,NA,2066.24407211738
"42",2021-08-21 05:00:00,2062.60822290729,"MOOS",2021-08-21,152.048333333333,NA,105.166666666667,47.5933333333333,2062.60822290729
"43",2021-08-21 05:05:00,1995.49914102111,"MOOS",2021-08-21,NA,NA,NA,NA,1995.49914102111
"44",2021-08-21 05:10:00,2074.91325226385,"MOOS",2021-08-21,NA,NA,NA,NA,2074.91325226385
"45",2021-08-21 05:15:00,2079.94658320042,"MOOS",2021-08-21,152.896,NA,105.1,50.982,2079.94658320042
"46",2021-08-21 05:20:00,2048.34911585471,"MOOS",2021-08-21,NA,NA,NA,NA,2048.34911585471
"47",2021-08-21 05:25:00,2030.73245757684,"MOOS",2021-08-21,NA,NA,NA,NA,2030.73245757684
"48",2021-08-21 05:30:00,2068.20414161601,"MOOS",2021-08-21,153.285,NA,105.016666666667,50.8466666666667,2068.20414161601
"49",2021-08-21 05:35:00,2106.79500939697,"MOOS",2021-08-21,NA,NA,NA,NA,2106.79500939697
"50",2021-08-21 05:40:00,2090.85413083044,"MOOS",2021-08-21,NA,NA,NA,NA,2090.85413083044
"51",2021-08-21 05:45:00,2088.33746536216,"MOOS",2021-08-21,152.302,NA,104.9,53.304,2088.33746536216
"52",2021-08-21 05:50:00,2104.00004594395,"MOOS",2021-08-21,NA,NA,NA,NA,2104.00004594395
"53",2021-08-21 05:55:00,2083.8667221978,"MOOS",2021-08-21,NA,NA,NA,NA,2083.8667221978
"54",2021-08-21 06:00:00,2112.39092810563,"MOOS",2021-08-21,152.885,NA,104.9,65.41,2112.39092810563
"55",2021-08-21 06:05:00,2088.90005313436,"MOOS",2021-08-21,NA,NA,NA,NA,2088.90005313436
"56",2021-08-21 06:10:00,2127.21262293047,"MOOS",2021-08-21,NA,NA,NA,NA,2127.21262293047
"57",2021-08-21 06:15:00,2130.28588436829,"MOOS",2021-08-21,152.826,NA,104.86,55.68,2130.28588436829
"58",2021-08-21 06:20:00,2118.54344278382,"MOOS",2021-08-21,NA,NA,NA,NA,2118.54344278382
"59",2021-08-21 06:25:00,2119.94092451042,"MOOS",2021-08-21,NA,NA,NA,NA,2119.94092451042
"60",2021-08-21 06:30:00,2101.76167846046,"MOOS",2021-08-21,152.886666666667,NA,104.8,85.0083333333333,2101.76167846046
"61",2021-08-21 06:35:00,2086.38338766608,"MOOS",2021-08-21,NA,NA,NA,NA,2086.38338766608
"62",2021-08-21 06:40:00,2114.90759357385,"MOOS",2021-08-21,NA,NA,NA,NA,2114.90759357385
"63",2021-08-21 06:45:00,2141.47172998317,"MOOS",2021-08-21,153.728,NA,104.78,67.19,2141.47172998317
"64",2021-08-21 06:50:00,2143.4317994818,"MOOS",2021-08-21,NA,NA,NA,NA,2143.4317994818
"65",2021-08-21 06:55:00,2147.06764869177,"MOOS",2021-08-21,NA,NA,NA,NA,2147.06764869177
"66",2021-08-21 07:00:00,2144.55098322348,"MOOS",2021-08-21,154.056666666667,NA,104.733333333333,51.0383333333333,2144.55098322348
"67",2021-08-21 07:05:00,2140.91513401351,"MOOS",2021-08-21,NA,NA,NA,NA,2140.91513401351
"68",2021-08-21 07:10:00,2157.13431056484,"MOOS",2021-08-21,NA,NA,NA,NA,2157.13431056484
"69",2021-08-21 07:15:00,2160.77015977481,"MOOS",2021-08-21,155.168,NA,104.7,49.196,2160.77015977481
"70",2021-08-21 07:20:00,2175.31355661491,"MOOS",2021-08-21,NA,NA,NA,NA,2175.31355661491
"71",2021-08-21 07:25:00,2145.67016696517,"MOOS",2021-08-21,NA,NA,NA,NA,2145.67016696517
"72",2021-08-21 07:30:00,2165.24689474184,"MOOS",2021-08-21,155.601666666667,NA,104.7,50.815,2165.24689474184
"73",2021-08-21 07:35:00,2158.25349430653,"MOOS",2021-08-21,NA,NA,NA,NA,2158.25349430653
"74",2021-08-21 07:40:00,2151.82268164353,"MOOS",2021-08-21,NA,NA,NA,NA,2151.82268164353
"75",2021-08-21 07:45:00,2127.77521070256,"MOOS",2021-08-21,155.428,NA,104.78,52.538,2127.77521070256
"76",2021-08-21 07:50:00,2151.26608567376,"MOOS",2021-08-21,NA,NA,NA,NA,2151.26608567376
"77",2021-08-21 07:55:00,2189.0160676979,"MOOS",2021-08-21,NA,NA,NA,NA,2189.0160676979
"78",2021-08-21 08:00:00,2212.22864468442,"MOOS",2021-08-21,155.658333333333,NA,104.7,52.4583333333333,2212.22864468442
"79",2021-08-21 08:05:00,2185.66450827516,"MOOS",2021-08-21,NA,NA,NA,NA,2185.66450827516
"80",2021-08-21 08:10:00,2194.89028439147,"MOOS",2021-08-21,NA,NA,NA,NA,2194.89028439147
"81",2021-08-21 08:15:00,2106.80699300201,"MOOS",2021-08-21,155.536,NA,104.78,49.098,2106.80699300201
"82",2021-08-21 08:20:00,2200.76450108481,"MOOS",2021-08-21,NA,NA,NA,NA,2200.76450108481
"83",2021-08-21 08:25:00,2235.9978176406,"MOOS",2021-08-21,NA,NA,NA,NA,2235.9978176406
"84",2021-08-21 08:30:00,2227.32863749407,"MOOS",2021-08-21,156.538333333333,NA,104.8,49.4783333333333,2227.32863749407
"85",2021-08-21 08:35:00,2175.87614438694,"MOOS",2021-08-21,NA,NA,NA,NA,2175.87614438694
"86",2021-08-21 08:40:00,2214.74531015271,"MOOS",2021-08-21,NA,NA,NA,NA,2214.74531015271
"87",2021-08-21 08:45:00,2282.4169798111,"MOOS",2021-08-21,157.62,NA,104.8,48.756,2282.4169798111
"88",2021-08-21 08:50:00,2249.4220307389,"MOOS",2021-08-21,NA,NA,NA,NA,2249.4220307389
"89",2021-08-21 08:55:00,2243.26951606065,"MOOS",2021-08-21,NA,NA,NA,NA,2243.26951606065
"90",2021-08-21 09:00:00,2232.08367044572,"MOOS",2021-08-21,158.048333333333,NA,104.8,47.1983333333333,2232.08367044572
"91",2021-08-21 09:05:00,2243.83210383268,"MOOS",2021-08-21,NA,NA,NA,NA,2243.83210383268
"92",2021-08-21 09:10:00,2247.74625102757,"MOOS",2021-08-21,NA,NA,NA,NA,2247.74625102757
"93",2021-08-21 09:15:00,2248.58713678445,"MOOS",2021-08-21,158.468,NA,104.8,49.95,2248.58713678445
"94",2021-08-21 09:20:00,2250.26291649579,"MOOS",2021-08-21,NA,NA,NA,NA,2250.26291649579
"95",2021-08-21 09:25:00,2256.41543117404,"MOOS",2021-08-21,NA,NA,NA,NA,2256.41543117404
"96",2021-08-21 09:30:00,2265.08461132058,"MOOS",2021-08-21,158.465,NA,104.8,48.8966666666667,2265.08461132058
"97",2021-08-21 09:35:00,2291.64874772984,"MOOS",2021-08-21,NA,NA,NA,NA,2291.64874772984
"98",2021-08-21 09:40:00,2278.78712240368,"MOOS",2021-08-21,NA,NA,NA,NA,2278.78712240368
"99",2021-08-21 09:45:00,2263.96542757889,"MOOS",2021-08-21,159.802,NA,104.8,59.728,2263.96542757889
"100",2021-08-21 09:50:00,2261.17046412581,"MOOS",2021-08-21,NA,NA,NA,NA,2261.17046412581
"101",2021-08-21 09:55:00,2279.90630614536,"MOOS",2021-08-21,NA,NA,NA,NA,2279.90630614536
"102",2021-08-21 10:00:00,2261.44876211061,"MOOS",2021-08-21,159.786666666667,NA,104.783333333333,44.6433333333333,2261.44876211061
"103",2021-08-21 10:05:00,2245.22958555928,"MOOS",2021-08-21,NA,NA,NA,NA,2245.22958555928
"104",2021-08-21 10:10:00,2317.37799018453,"MOOS",2021-08-21,NA,NA,NA,NA,2317.37799018453
"105",2021-08-21 10:15:00,2249.98461851093,"MOOS",2021-08-21,160.258,NA,104.8,100.49,2249.98461851093
"106",2021-08-21 10:20:00,2324.08710083255,"MOOS",2021-08-21,NA,NA,NA,NA,2324.08710083255
"107",2021-08-21 10:25:00,2267.04468081921,"MOOS",2021-08-21,NA,NA,NA,NA,2267.04468081921
"108",2021-08-21 10:30:00,2308.70881003822,"MOOS",2021-08-21,160.856666666667,NA,104.783333333333,75.3033333333333,2308.70881003822
"109",2021-08-21 10:35:00,2293.33051924355,"MOOS",2021-08-21,NA,NA,NA,NA,2293.33051924355
"110",2021-08-21 10:40:00,2308.43051205319,"MOOS",2021-08-21,NA,NA,NA,NA,2308.43051205319
"111",2021-08-21 10:45:00,2275.71386096568,"MOOS",2021-08-21,160.668,NA,104.8,50.302,2275.71386096568
"112",2021-08-21 10:50:00,2291.0921517603,"MOOS",2021-08-21,NA,NA,NA,NA,2291.0921517603
"113",2021-08-21 10:55:00,2361.00218890212,"MOOS",2021-08-21,NA,NA,NA,NA,2361.00218890212
"114",2021-08-21 11:00:00,2298.36385018012,"MOOS",2021-08-21,160.971666666667,NA,104.8,47.2383333333333,2298.36385018012
"115",2021-08-21 11:05:00,2183.43812439678,"MOOS",2021-08-21,NA,NA,NA,NA,2183.43812439678
"116",2021-08-21 11:10:00,2254.18305549311,"MOOS",2021-08-21,NA,NA,NA,NA,2254.18305549311
"117",2021-08-21 11:15:00,2300.6022176636,"MOOS",2021-08-21,160.342,NA,104.8,44.76,2300.6022176636
"118",2021-08-21 11:20:00,2304.51636485849,"MOOS",2021-08-21,NA,NA,NA,NA,2304.51636485849
"119",2021-08-21 11:25:00,2335.8355342194,"MOOS",2021-08-21,NA,NA,NA,NA,2335.8355342194
"120",2021-08-21 11:30:00,2289.4163720489,"MOOS",2021-08-21,161.261666666667,NA,104.8,53.165,2289.4163720489
"121",2021-08-21 11:35:00,2347.02137983427,"MOOS",2021-08-21,NA,NA,NA,NA,2347.02137983427
"122",2021-08-21 11:40:00,2276.83304470754,"MOOS",2021-08-21,NA,NA,NA,NA,2276.83304470754
"123",2021-08-21 11:45:00,2305.63554860017,"MOOS",2021-08-21,161.128,NA,104.8,41.67,2305.63554860017
"124",2021-08-21 11:50:00,2327.72894184495,"MOOS",2021-08-21,NA,NA,NA,NA,2327.72894184495
"125",2021-08-21 11:55:00,2354.01478026935,"MOOS",2021-08-21,NA,NA,NA,NA,2354.01478026935
"126",2021-08-21 12:00:00,2295.29058874235,"MOOS",2021-08-21,160.955,NA,104.8,43.1266666666667,2295.29058874235
"127",2021-08-21 12:05:00,2320.17894544016,"MOOS",2021-08-21,NA,NA,NA,NA,2320.17894544016
"128",2021-08-21 12:10:00,2311.50976529362,"MOOS",2021-08-21,NA,NA,NA,NA,2311.50976529362
"129",2021-08-21 12:15:00,2318.49717392633,"MOOS",2021-08-21,161.408,NA,104.8,45.102,2318.49717392633
"130",2021-08-21 12:20:00,2308.71480184054,"MOOS",2021-08-21,NA,NA,NA,NA,2308.71480184054
"131",2021-08-21 12:25:00,2324.09309263498,"MOOS",2021-08-21,NA,NA,NA,NA,2324.09309263498
"132",2021-08-21 12:30:00,2305.63554860017,"MOOS",2021-08-21,161.075,NA,104.8,46.43,2305.63554860017
"133",2021-08-21 12:35:00,2333.31886875111,"MOOS",2021-08-21,NA,NA,NA,NA,2333.31886875111
"134",2021-08-21 12:40:00,2333.04057076643,"MOOS",2021-08-21,NA,NA,NA,NA,2333.04057076643
"135",2021-08-21 12:45:00,2365.47892386903,"MOOS",2021-08-21,160.744,NA,104.8,49.7,2365.47892386903
"136",2021-08-21 12:50:00,2364.08144214243,"MOOS",2021-08-21,NA,NA,NA,NA,2364.08144214243
"137",2021-08-21 12:55:00,2312.62894903531,"MOOS",2021-08-21,NA,NA,NA,NA,2312.62894903531
"138",2021-08-21 13:00:00,2299.20473593724,"MOOS",2021-08-21,160.836666666667,NA,104.8,42.3883333333333,2299.20473593724
"139",2021-08-21 13:05:00,2339.19308544457,"MOOS",2021-08-21,NA,NA,NA,NA,2339.19308544457
"140",2021-08-21 13:10:00,2326.60975810327,"MOOS",2021-08-21,NA,NA,NA,NA,2326.60975810327
"141",2021-08-21 13:15:00,2306.47643435717,"MOOS",2021-08-21,160.058,NA,104.8,47.526,2306.47643435717
"142",2021-08-21 13:20:00,2358.20722544909,"MOOS",2021-08-21,NA,NA,NA,NA,2358.20722544909
"143",2021-08-21 13:25:00,2326.88805608818,"MOOS",2021-08-21,NA,NA,NA,NA,2326.88805608818
"144",2021-08-21 13:30:00,2353.17389451253,"MOOS",2021-08-21,160.675,NA,104.816666666667,44.6683333333333,2353.17389451253
"145",2021-08-21 13:35:00,2344.22641638113,"MOOS",2021-08-21,NA,NA,NA,NA,2344.22641638113
"146",2021-08-21 13:40:00,2314.86731651891,"MOOS",2021-08-21,NA,NA,NA,NA,2314.86731651891
"147",2021-08-21 13:45:00,2291.09814356262,"MOOS",2021-08-21,159.572,NA,104.78,48.41,2291.09814356262
"148",2021-08-21 13:50:00,2341.43145292805,"MOOS",2021-08-21,NA,NA,NA,NA,2341.43145292805
"149",2021-08-21 13:55:00,2367.99558933731,"MOOS",2021-08-21,NA,NA,NA,NA,2367.99558933731
"150",2021-08-21 14:00:00,2336.6764199764,"MOOS",2021-08-21,159.931666666667,NA,104.816666666667,50.26,2336.6764199764
"151",2021-08-21 14:05:00,2348.98144933279,"MOOS",2021-08-21,NA,NA,NA,NA,2348.98144933279
"152",2021-08-21 14:10:00,2343.10723263945,"MOOS",2021-08-21,NA,NA,NA,NA,2343.10723263945
"153",2021-08-21 14:15:00,2299.20473593724,"MOOS",2021-08-21,160.208,NA,104.8,46.996,2299.20473593724
"154",2021-08-21 14:20:00,2321.85472515161,"MOOS",2021-08-21,NA,NA,NA,NA,2321.85472515161
"155",2021-08-21 14:25:00,2330.52390529815,"MOOS",2021-08-21,NA,NA,NA,NA,2330.52390529815
"156",2021-08-21 14:30:00,2335.2789382498,"MOOS",2021-08-21,159.823333333333,NA,104.8,55.985,2335.2789382498
"157",2021-08-21 14:35:00,2308.99309982534,"MOOS",2021-08-21,NA,NA,NA,NA,2308.99309982534
"158",2021-08-21 14:40:00,2367.15470358048,"MOOS",2021-08-21,NA,NA,NA,NA,2367.15470358048
"159",2021-08-21 14:45:00,2336.6764199764,"MOOS",2021-08-21,160.206,NA,104.8,46.06,2336.6764199764
"160",2021-08-21 14:50:00,2339.19308544457,"MOOS",2021-08-21,NA,NA,NA,NA,2339.19308544457
"161",2021-08-21 14:55:00,2328.84812558669,"MOOS",2021-08-21,NA,NA,NA,NA,2328.84812558669
"162",2021-08-21 15:00:00,2290.81385377527,"MOOS",2021-08-21,159.35,NA,104.8,47.5,2290.81385377527
"163",2021-08-21 15:05:00,2274.31637923926,"MOOS",2021-08-21,NA,NA,NA,NA,2274.31637923926
"164",2021-08-21 15:10:00,2290.53555579059,"MOOS",2021-08-21,NA,NA,NA,NA,2290.53555579059
"165",2021-08-21 15:15:00,2335.8355342194,"MOOS",2021-08-21,159.264,NA,104.8,51.032,2335.8355342194
"166",2021-08-21 15:20:00,2306.75473234197,"MOOS",2021-08-21,NA,NA,NA,NA,2306.75473234197
"167",2021-08-21 15:25:00,2302.27799737494,"MOOS",2021-08-21,NA,NA,NA,NA,2302.27799737494
"168",2021-08-21 15:30:00,2308.15221406845,"MOOS",2021-08-21,158.963333333333,NA,104.766666666667,46.27,2308.15221406845
"169",2021-08-21 15:35:00,2312.06636126328,"MOOS",2021-08-21,NA,NA,NA,NA,2312.06636126328
"170",2021-08-21 15:40:00,2319.89465565281,"MOOS",2021-08-21,NA,NA,NA,NA,2319.89465565281
"171",2021-08-21 15:45:00,2266.20379506238,"MOOS",2021-08-21,158.102,NA,104.82,50.16,2266.20379506238
"172",2021-08-21 15:50:00,2314.58302673156,"MOOS",2021-08-21,NA,NA,NA,NA,2314.58302673156
"173",2021-08-21 15:55:00,2272.07801175572,"MOOS",2021-08-21,NA,NA,NA,NA,2272.07801175572
"174",2021-08-21 16:00:00,2321.29213737953,"MOOS",2021-08-21,157.911666666667,NA,104.783333333333,48.3216666666667,2321.29213737953
"175",2021-08-21 16:05:00,2308.43051205319,"MOOS",2021-08-21,NA,NA,NA,NA,2308.43051205319
"176",2021-08-21 16:10:00,2287.1780045653,"MOOS",2021-08-21,NA,NA,NA,NA,2287.1780045653
"177",2021-08-21 16:15:00,2279.62800816057,"MOOS",2021-08-21,157.32,NA,104.74,55.854,2279.62800816057
"178",2021-08-21 16:20:00,2263.13053362432,"MOOS",2021-08-21,NA,NA,NA,NA,2263.13053362432
"179",2021-08-21 16:25:00,2146.2447383423,"MOOS",2021-08-21,NA,NA,NA,NA,2146.2447383423
"180",2021-08-21 16:30:00,2286.05882082373,"MOOS",2021-08-21,157.746666666667,NA,104.716666666667,51.2233333333333,2286.05882082373
"181",2021-08-21 16:35:00,2292.48963348678,"MOOS",2021-08-21,NA,NA,NA,NA,2292.48963348678
"182",2021-08-21 16:40:00,2265.64719909261,"MOOS",2021-08-21,NA,NA,NA,NA,2265.64719909261
"183",2021-08-21 16:45:00,2311.22547550651,"MOOS",2021-08-21,157.422,NA,104.7,57.9,2311.22547550651
"184",2021-08-21 16:50:00,2282.70126959844,"MOOS",2021-08-21,NA,NA,NA,NA,2282.70126959844
"185",2021-08-21 16:55:00,2265.92549707764,"MOOS",2021-08-21,NA,NA,NA,NA,2265.92549707764
"186",2021-08-21 17:00:00,2267.60127678886,"MOOS",2021-08-21,156.148333333333,NA,104.716666666667,55.3766666666667,2267.60127678886
"187",2021-08-21 17:05:00,2251.38210023753,"MOOS",2021-08-21,NA,NA,NA,NA,2251.38210023753
"188",2021-08-21 17:10:00,2279.90630614536,"MOOS",2021-08-21,NA,NA,NA,NA,2279.90630614536
"189",2021-08-21 17:15:00,2238.23618512409,"MOOS",2021-08-21,155.968,NA,104.68,51.944,2238.23618512409
"190",2021-08-21 17:20:00,2215.02959994006,"MOOS",2021-08-21,NA,NA,NA,NA,2215.02959994006
"191",2021-08-21 17:25:00,2232.92455620278,"MOOS",2021-08-21,NA,NA,NA,NA,2232.92455620278
"192",2021-08-21 17:30:00,2215.30789792491,"MOOS",2021-08-21,155.04,NA,104.666666666667,55.1683333333333,2215.30789792491
"193",2021-08-21 17:35:00,2259.21039462724,"MOOS",2021-08-21,NA,NA,NA,NA,2259.21039462724
"194",2021-08-21 17:40:00,2170.84880525287,"MOOS",2021-08-21,NA,NA,NA,NA,2170.84880525287
"195",2021-08-21 17:45:00,2237.95788713935,"MOOS",2021-08-21,155.16,NA,104.7,49.888,2237.95788713935
"196",2021-08-21 17:50:00,2253.05787994899,"MOOS",2021-08-21,NA,NA,NA,NA,2253.05787994899
"197",2021-08-21 17:55:00,2226.77204152441,"MOOS",2021-08-21,NA,NA,NA,NA,2226.77204152441
"198",2021-08-21 18:00:00,2228.16952325101,"MOOS",2021-08-21,154.541666666667,NA,104.733333333333,51.1166666666667,2228.16952325101
"199",2021-08-21 18:05:00,2239.35536886577,"MOOS",2021-08-21,NA,NA,NA,NA,2239.35536886577
"200",2021-08-21 18:10:00,2228.44782123575,"MOOS",2021-08-21,NA,NA,NA,NA,2228.44782123575
"201",2021-08-21 18:15:00,2204.40035029477,"MOOS",2021-08-21,154.228,NA,104.8,56.082,2204.40035029477
"202",2021-08-21 18:20:00,2217.26197562099,"MOOS",2021-08-21,NA,NA,NA,NA,2217.26197562099
"203",2021-08-21 18:25:00,2249.9786267085,"MOOS",2021-08-21,NA,NA,NA,NA,2249.9786267085
"204",2021-08-21 18:30:00,2204.95694626449,"MOOS",2021-08-21,153.58,NA,104.7,50.7766666666667,2204.95694626449
"205",2021-08-21 18:35:00,2199.36701935827,"MOOS",2021-08-21,NA,NA,NA,NA,2199.36701935827
"206",2021-08-21 18:40:00,2188.45947172836,"MOOS",2021-08-21,NA,NA,NA,NA,2188.45947172836
"207",2021-08-21 18:45:00,2239.91196483537,"MOOS",2021-08-21,152.994,NA,104.7,54.394,2239.91196483537
"208",2021-08-21 18:50:00,2164.13370280247,"MOOS",2021-08-21,NA,NA,NA,NA,2164.13370280247
"209",2021-08-21 18:55:00,2207.19531374797,"MOOS",2021-08-21,NA,NA,NA,NA,2207.19531374797
"210",2021-08-21 19:00:00,2179.79029158183,"MOOS",2021-08-21,152.823333333333,NA,104.7,55.53,2179.79029158183
"211",2021-08-21 19:05:00,2187.61858597142,"MOOS",2021-08-21,NA,NA,NA,NA,2187.61858597142
"212",2021-08-21 19:10:00,2178.94940582477,"MOOS",2021-08-21,NA,NA,NA,NA,2178.94940582477
"213",2021-08-21 19:15:00,2187.61858597142,"MOOS",2021-08-21,153.112,NA,104.6,65.476,2187.61858597142
"214",2021-08-21 19:20:00,2158.53778409382,"MOOS",2021-08-21,NA,NA,NA,NA,2158.53778409382
"215",2021-08-21 19:25:00,2208.03020770242,"MOOS",2021-08-21,NA,NA,NA,NA,2208.03020770242
"216",2021-08-21 19:30:00,2157.97519632179,"MOOS",2021-08-21,152.09,NA,104.583333333333,54.1916666666667,2157.97519632179
"217",2021-08-21 19:35:00,2153.22016337002,"MOOS",2021-08-21,NA,NA,NA,NA,2153.22016337002
"218",2021-08-21 19:40:00,2146.51105272211,"MOOS",2021-08-21,NA,NA,NA,NA,2146.51105272211
"219",2021-08-21 19:45:00,2177.8302220832,"MOOS",2021-08-21,151.462,NA,104.52,49.688,2177.8302220832
"220",2021-08-21 19:50:00,2134.76261933526,"MOOS",2021-08-21,NA,NA,NA,NA,2134.76261933526
"221",2021-08-21 19:55:00,2086.11108148366,"MOOS",2021-08-21,NA,NA,NA,NA,2086.11108148366
"222",2021-08-21 20:00:00,2127.21262293047,"MOOS",2021-08-21,150.966666666667,NA,104.5,60.3416666666667,2127.21262293047
"223",2021-08-21 20:05:00,2121.90099400911,"MOOS",2021-08-21,NA,NA,NA,NA,2121.90099400911
"224",2021-08-21 20:10:00,2189.57266366761,"MOOS",2021-08-21,NA,NA,NA,NA,2189.57266366761
"225",2021-08-21 20:15:00,2130.57017415558,"MOOS",2021-08-21,150.174,NA,104.5,53.374,2130.57017415558
"226",2021-08-21 20:20:00,2129.45099041384,"MOOS",2021-08-21,NA,NA,NA,NA,2129.45099041384
"227",2021-08-21 20:25:00,2159.92927401804,"MOOS",2021-08-21,NA,NA,NA,NA,2159.92927401804
"228",2021-08-21 20:30:00,2098.13182105293,"MOOS",2021-08-21,150.26,NA,104.466666666667,55.2183333333333,2098.13182105293
"229",2021-08-21 20:35:00,2100.92678450595,"MOOS",2021-08-21,NA,NA,NA,NA,2100.92678450595
"230",2021-08-21 20:40:00,2125.25255343172,"MOOS",2021-08-21,NA,NA,NA,NA,2125.25255343172
"231",2021-08-21 20:45:00,1956.63596705766,"MOOS",2021-08-21,150.226,NA,104.48,55.25,1956.63596705766
"232",2021-08-21 20:50:00,2121.0601082521,"MOOS",2021-08-21,NA,NA,NA,NA,2121.0601082521
"233",2021-08-21 20:55:00,2051.42836909508,"MOOS",2021-08-21,NA,NA,NA,NA,2051.42836909508
"234",2021-08-21 21:00:00,2105.39752767043,"MOOS",2021-08-21,149.051666666667,NA,104.466666666667,57.6216666666667,2105.39752767043
"235",2021-08-21 21:05:00,2074.07835830952,"MOOS",2021-08-21,NA,NA,NA,NA,2074.07835830952
"236",2021-08-21 21:10:00,2098.96671500744,"MOOS",2021-08-21,NA,NA,NA,NA,2098.96671500744
"237",2021-08-21 21:15:00,2061.4950309681,"MOOS",2021-08-21,144.234,NA,104.48,60.578,2061.4950309681
"238",2021-08-21 21:20:00,2095.60916378209,"MOOS",2021-08-21,NA,NA,NA,NA,2095.60916378209
"239",2021-08-21 21:25:00,2003.05512922833,"MOOS",2021-08-21,NA,NA,NA,NA,2003.05512922833
"240",2021-08-21 21:30:00,2087.21828162047,"MOOS",2021-08-21,149.215,NA,104.366666666667,54.45,2087.21828162047
"241",2021-08-21 21:35:00,2067.92584363115,"MOOS",2021-08-21,NA,NA,NA,NA,2067.92584363115
"242",2021-08-21 21:40:00,2061.7733289529,"MOOS",2021-08-21,NA,NA,NA,NA,2061.7733289529
"243",2021-08-21 21:45:00,2087.21828162047,"MOOS",2021-08-21,149.164,NA,104.4,57.73,2087.21828162047
"244",2021-08-21 21:50:00,2076.87332176254,"MOOS",2021-08-21,NA,NA,NA,NA,2076.87332176254
"245",2021-08-21 21:55:00,2059.53496146953,"MOOS",2021-08-21,NA,NA,NA,NA,2059.53496146953
"246",2021-08-21 22:00:00,2065.96577413264,"MOOS",2021-08-21,148.903333333333,NA,104.4,56.1516666666667,2065.96577413264
"247",2021-08-21 22:05:00,2005.28750490927,"MOOS",2021-08-21,NA,NA,NA,NA,2005.28750490927
"248",2021-08-21 22:10:00,2055.0582265025,"MOOS",2021-08-21,NA,NA,NA,NA,2055.0582265025
"249",2021-08-21 22:15:00,2053.10414880636,"MOOS",2021-08-21,149.316,NA,104.3,63.286,2053.10414880636
"250",2021-08-21 22:20:00,2059.81325945427,"MOOS",2021-08-21,NA,NA,NA,NA,2059.81325945427
"251",2021-08-21 22:25:00,2058.69407571258,"MOOS",2021-08-21,NA,NA,NA,NA,2058.69407571258
"252",2021-08-21 22:30:00,2042.19660117634,"MOOS",2021-08-21,149.476666666667,NA,104.3,54.6533333333333,2042.19660117634
"253",2021-08-21 22:35:00,2042.19660117634,"MOOS",2021-08-21,NA,NA,NA,NA,2042.19660117634
"254",2021-08-21 22:40:00,1939.2916149621,"MOOS",2021-08-21,NA,NA,NA,NA,1939.2916149621
"255",2021-08-21 22:45:00,2046.66734434088,"MOOS",2021-08-21,149.7,NA,104.3,50.114,2046.66734434088
"256",2021-08-21 22:50:00,2012.83150951168,"MOOS",2021-08-21,NA,NA,NA,NA,2012.83150951168
"257",2021-08-21 22:55:00,2017.58654246345,"MOOS",2021-08-21,NA,NA,NA,NA,2017.58654246345
"258",2021-08-21 23:00:00,2042.75319714611,"MOOS",2021-08-21,149.606666666667,NA,104.266666666667,55.2783333333333,2042.75319714611
"259",2021-08-21 23:05:00,2026.53402059467,"MOOS",2021-08-21,NA,NA,NA,NA,2026.53402059467
"260",2021-08-21 23:10:00,2027.65320433647,"MOOS",2021-08-21,NA,NA,NA,NA,2027.65320433647
"261",2021-08-21 23:15:00,2027.93150232127,"MOOS",2021-08-21,149.704,NA,104.28,62.596,2027.93150232127
"262",2021-08-21 23:20:00,2007.79817857512,"MOOS",2021-08-21,NA,NA,NA,NA,2007.79817857512
"263",2021-08-21 23:25:00,1994.37396547681,"MOOS",2021-08-21,NA,NA,NA,NA,1994.37396547681
"264",2021-08-21 23:30:00,2023.1764693695,"MOOS",2021-08-21,149.271666666667,NA,104.166666666667,54.16,2023.1764693695
"265",2021-08-21 23:35:00,2017.02395469125,"MOOS",2021-08-21,NA,NA,NA,NA,2017.02395469125
"266",2021-08-21 23:40:00,2010.3148440434,"MOOS",2021-08-21,NA,NA,NA,NA,2010.3148440434
"267",2021-08-21 23:45:00,1947.95480330626,"MOOS",2021-08-21,149.344,NA,104.2,53.508,1947.95480330626
"268",2021-08-21 23:50:00,1994.09566749196,"MOOS",2021-08-21,NA,NA,NA,NA,1994.09566749196
"269",2021-08-21 23:55:00,1987.10226705688,"MOOS",2021-08-21,NA,NA,NA,NA,1987.10226705688
"270",2021-08-22 00:00:00,1942.92147236969,"MOOS",2021-08-22,149.421666666667,NA,104.15,51.7616666666667,1942.92147236969
"271",2021-08-22 00:05:00,1999.40729641338,"MOOS",2021-08-22,NA,NA,NA,NA,1999.40729641338
"272",2021-08-22 00:10:00,1989.89723050996,"MOOS",2021-08-22,NA,NA,NA,NA,1989.89723050996
"273",2021-08-22 00:15:00,1980.67145439377,"MOOS",2021-08-22,148.63,NA,104.1,60.088,1980.67145439377
"274",2021-08-22 00:20:00,1985.98308331508,"MOOS",2021-08-22,NA,NA,NA,NA,1985.98308331508
"275",2021-08-22 00:25:00,1965.00887381198,"MOOS",2021-08-22,NA,NA,NA,NA,1965.00887381198
"276",2021-08-22 00:30:00,1963.61139208538,"MOOS",2021-08-22,149.596666666667,NA,104.1,55.6883333333333,1963.61139208538
"277",2021-08-22 00:35:00,1972.28057223203,"MOOS",2021-08-22,NA,NA,NA,NA,1972.28057223203
"278",2021-08-22 00:40:00,1982.06893612037,"MOOS",2021-08-22,NA,NA,NA,NA,1982.06893612037
"279",2021-08-22 00:45:00,1968.36642503715,"MOOS",2021-08-22,150.036,NA,103.98,51.862,1968.36642503715
"280",2021-08-22 00:50:00,1975.07553568506,"MOOS",2021-08-22,NA,NA,NA,NA,1975.07553568506
"281",2021-08-22 00:55:00,1940.12051711418,"MOOS",2021-08-22,NA,NA,NA,NA,1940.12051711418
"282",2021-08-22 01:00:00,1942.63718258246,"MOOS",2021-08-22,149.381666666667,NA,104.083333333333,46.9483333333333,1942.63718258246
"283",2021-08-22 01:05:00,1886.42965652357,"MOOS",2021-08-22,NA,NA,NA,NA,1886.42965652357
"284",2021-08-22 01:10:00,1944.03466430894,"MOOS",2021-08-22,NA,NA,NA,NA,1944.03466430894
"285",2021-08-22 01:15:00,1935.08718617761,"MOOS",2021-08-22,150.506,NA,104.04,52.552,1935.08718617761
"286",2021-08-22 01:20:00,1940.39881509886,"MOOS",2021-08-22,NA,NA,NA,NA,1940.39881509886
"287",2021-08-22 01:25:00,1950.46547697199,"MOOS",2021-08-22,NA,NA,NA,NA,1950.46547697199
"288",2021-08-22 01:30:00,1913.83467868972,"MOOS",2021-08-22,150.335,NA,103.983333333333,52.0216666666667,1913.83467868972
"289",2021-08-22 01:35:00,1864.62055306608,"MOOS",2021-08-22,NA,NA,NA,NA,1864.62055306608
"290",2021-08-22 01:40:00,1933.96800243593,"MOOS",2021-08-22,NA,NA,NA,NA,1933.96800243593
"291",2021-08-22 01:45:00,1937.60385164589,"MOOS",2021-08-22,150.112,NA,104,51.814,1937.60385164589
"292",2021-08-22 01:50:00,1930.61045121064,"MOOS",2021-08-22,NA,NA,NA,NA,1930.61045121064
"293",2021-08-22 01:55:00,1903.20542904449,"MOOS",2021-08-22,NA,NA,NA,NA,1903.20542904449
"294",2021-08-22 02:00:00,1930.88874919544,"MOOS",2021-08-22,150.266666666667,NA,103.95,58.6483333333333,1930.88874919544
"295",2021-08-22 02:05:00,1899.29128184973,"MOOS",2021-08-22,NA,NA,NA,NA,1899.29128184973
"296",2021-08-22 02:10:00,1881.95292155666,"MOOS",2021-08-22,NA,NA,NA,NA,1881.95292155666
"297",2021-08-22 02:15:00,1910.75542544929,"MOOS",2021-08-22,151.15,NA,103.92,50.216,1910.75542544929
"298",2021-08-22 02:20:00,1887.82713825,"MOOS",2021-08-22,NA,NA,NA,NA,1887.82713825
"299",2021-08-22 02:25:00,1924.17963854759,"MOOS",2021-08-22,NA,NA,NA,NA,1924.17963854759
"300",2021-08-22 02:30:00,1914.11297667451,"MOOS",2021-08-22,151.671666666667,NA,103.916666666667,49.8466666666667,1914.11297667451
"301",2021-08-22 02:35:00,1917.74882588448,"MOOS",2021-08-22,NA,NA,NA,NA,1917.74882588448
"302",2021-08-22 02:40:00,1916.90794012765,"MOOS",2021-08-22,NA,NA,NA,NA,1916.90794012765
"303",2021-08-22 02:45:00,1902.92713105958,"MOOS",2021-08-22,151.494,NA,103.94,46.43,1902.92713105958
"304",2021-08-22 02:50:00,1871.88625968358,"MOOS",2021-08-22,NA,NA,NA,NA,1871.88625968358
"305",2021-08-22 02:55:00,1896.2120286093,"MOOS",2021-08-22,NA,NA,NA,NA,1896.2120286093
"306",2021-08-22 03:00:00,1889.78121594619,"MOOS",2021-08-22,151.891666666667,NA,103.9,48.3033333333333,1889.78121594619
"307",2021-08-22 03:05:00,1909.9145396924,"MOOS",2021-08-22,NA,NA,NA,NA,1909.9145396924
"308",2021-08-22 03:10:00,1859.58123032696,"MOOS",2021-08-22,NA,NA,NA,NA,1859.58123032696
"309",2021-08-22 03:15:00,1902.08624530281,"MOOS",2021-08-22,151.63,NA,103.9,44.524,1902.08624530281
"310",2021-08-22 03:20:00,1909.9145396924,"MOOS",2021-08-22,NA,NA,NA,NA,1909.9145396924
"311",2021-08-22 03:25:00,1926.13371624378,"MOOS",2021-08-22,NA,NA,NA,NA,1926.13371624378
"312",2021-08-22 03:30:00,1887.26455047791,"MOOS",2021-08-22,152.67,NA,103.866666666667,56.96,1887.26455047791
"313",2021-08-22 03:35:00,1878.59537033143,"MOOS",2021-08-22,NA,NA,NA,NA,1878.59537033143
"314",2021-08-22 03:40:00,1858.74034457013,"MOOS",2021-08-22,NA,NA,NA,NA,1858.74034457013
"315",2021-08-22 03:45:00,1882.2312195414,"MOOS",2021-08-22,152.794,NA,103.8,48.088,1882.2312195414
"316",2021-08-22 03:50:00,1914.11297667451,"MOOS",2021-08-22,NA,NA,NA,NA,1914.11297667451
"317",2021-08-22 03:55:00,1900.96706156112,"MOOS",2021-08-22,NA,NA,NA,NA,1900.96706156112
"318",2021-08-22 04:00:00,1874.68122313661,"MOOS",2021-08-22,152.803333333333,NA,103.816666666667,45.8366666666667,1874.68122313661
"319",2021-08-22 04:05:00,1893.69536314107,"MOOS",2021-08-22,NA,NA,NA,NA,1893.69536314107
"320",2021-08-22 04:10:00,1858.74034457013,"MOOS",2021-08-22,NA,NA,NA,NA,1858.74034457013
"321",2021-08-22 04:15:00,1865.17115723313,"MOOS",2021-08-22,153.302,NA,103.8,52.668,1865.17115723313
"322",2021-08-22 04:20:00,1875.2378191062,"MOOS",2021-08-22,NA,NA,NA,NA,1875.2378191062
"323",2021-08-22 04:25:00,1857.89945881319,"MOOS",2021-08-22,NA,NA,NA,NA,1857.89945881319
"324",2021-08-22 04:30:00,1842.79946600361,"MOOS",2021-08-22,154.095,NA,103.766666666667,44.715,1842.79946600361
"325",2021-08-22 04:35:00,1850.62776039325,"MOOS",2021-08-22,NA,NA,NA,NA,1850.62776039325
"326",2021-08-22 04:40:00,1905.43780472543,"MOOS",2021-08-22,NA,NA,NA,NA,1905.43780472543
"327",2021-08-22 04:45:00,1862.6544917649,"MOOS",2021-08-22,154.002,NA,103.78,42.532,1862.6544917649
"328",2021-08-22 04:50:00,1869.08530442795,"MOOS",2021-08-22,NA,NA,NA,NA,1869.08530442795
"329",2021-08-22 04:55:00,1851.74694413488,"MOOS",2021-08-22,NA,NA,NA,NA,1851.74694413488
"330",2021-08-22 05:00:00,1855.38279334496,"MOOS",2021-08-22,154.376666666667,NA,103.766666666667,45.8216666666667,1855.38279334496
"331",2021-08-22 05:05:00,1852.58782989183,"MOOS",2021-08-22,NA,NA,NA,NA,1852.58782989183
"332",2021-08-22 05:10:00,1820.70607275877,"MOOS",2021-08-22,NA,NA,NA,NA,1820.70607275877
"333",2021-08-22 05:15:00,1830.7727346319,"MOOS",2021-08-22,154.76,NA,103.7,48.462,1830.7727346319
"334",2021-08-22 05:20:00,1843.07776398846,"MOOS",2021-08-22,NA,NA,NA,NA,1843.07776398846
"335",2021-08-22 05:25:00,1850.3494624084,"MOOS",2021-08-22,NA,NA,NA,NA,1850.3494624084
"336",2021-08-22 05:30:00,1846.71361319831,"MOOS",2021-08-22,154.705,NA,103.733333333333,49.43,1846.71361319831
"337",2021-08-22 05:35:00,1855.66109132976,"MOOS",2021-08-22,NA,NA,NA,NA,1855.66109132976
"338",2021-08-22 05:40:00,1843.07776398846,"MOOS",2021-08-22,NA,NA,NA,NA,1843.07776398846
"339",2021-08-22 05:45:00,1856.50197708665,"MOOS",2021-08-22,155.39,NA,103.76,43.344,1856.50197708665
"340",2021-08-22 05:50:00,1868.24441867118,"MOOS",2021-08-22,NA,NA,NA,NA,1868.24441867118
"341",2021-08-22 05:55:00,1852.86612787668,"MOOS",2021-08-22,NA,NA,NA,NA,1852.86612787668
"342",2021-08-22 06:00:00,1814.27526009566,"MOOS",2021-08-22,155.595,NA,103.666666666667,49.165,1814.27526009566
"343",2021-08-22 06:05:00,1827.13688542182,"MOOS",2021-08-22,NA,NA,NA,NA,1827.13688542182
"344",2021-08-22 06:10:00,1813.15607635397,"MOOS",2021-08-22,NA,NA,NA,NA,1813.15607635397
"345",2021-08-22 06:15:00,1808.12274541741,"MOOS",2021-08-22,156.08,NA,103.72,40.67,1808.12274541741
"346",2021-08-22 06:20:00,1847.27020916791,"MOOS",2021-08-22,NA,NA,NA,NA,1847.27020916791
"347",2021-08-22 06:25:00,1827.13688542182,"MOOS",2021-08-22,NA,NA,NA,NA,1827.13688542182
"348",2021-08-22 06:30:00,1824.62021995353,"MOOS",2021-08-22,156.671666666667,NA,103.7,47.2216666666667,1824.62021995353
"349",2021-08-22 06:35:00,1839.72021276312,"MOOS",2021-08-22,NA,NA,NA,NA,1839.72021276312
"350",2021-08-22 06:40:00,1831.89191837359,"MOOS",2021-08-22,NA,NA,NA,NA,1831.89191837359
"351",2021-08-22 06:45:00,1830.4944366471,"MOOS",2021-08-22,156.98,NA,103.8,43.194,1830.4944366471
"352",2021-08-22 06:50:00,1834.40858384187,"MOOS",2021-08-22,NA,NA,NA,NA,1834.40858384187
"353",2021-08-22 06:55:00,1844.47524571494,"MOOS",2021-08-22,NA,NA,NA,NA,1844.47524571494
"354",2021-08-22 07:00:00,1830.4944366471,"MOOS",2021-08-22,157.446666666667,NA,103.8,41.6533333333333,1830.4944366471
"355",2021-08-22 07:05:00,1805.60607994912,"MOOS",2021-08-22,NA,NA,NA,NA,1805.60607994912
"356",2021-08-22 07:10:00,1807.28185966046,"MOOS",2021-08-22,NA,NA,NA,NA,1807.28185966046
"357",2021-08-22 07:15:00,1798.61267951399,"MOOS",2021-08-22,158.176,NA,103.8,40.972,1798.61267951399
"358",2021-08-22 07:20:00,1806.16267591878,"MOOS",2021-08-22,NA,NA,NA,NA,1806.16267591878
"359",2021-08-22 07:25:00,1814.83185606531,"MOOS",2021-08-22,NA,NA,NA,NA,1814.83185606531
"360",2021-08-22 07:30:00,1818.46770527528,"MOOS",2021-08-22,159.285,NA,103.8,43.8633333333333,1818.46770527528
"361",2021-08-22 07:35:00,1813.43437433871,"MOOS",2021-08-22,NA,NA,NA,NA,1813.43437433871
"362",2021-08-22 07:40:00,1814.5535580804,"MOOS",2021-08-22,NA,NA,NA,NA,1814.5535580804
"363",2021-08-22 07:45:00,1796.37431203044,"MOOS",2021-08-22,158.23,NA,103.9,43.4,1796.37431203044
"364",2021-08-22 07:50:00,1817.3485215336,"MOOS",2021-08-22,NA,NA,NA,NA,1817.3485215336
"365",2021-08-22 07:55:00,1809.52022714389,"MOOS",2021-08-22,NA,NA,NA,NA,1809.52022714389
"366",2021-08-22 08:00:00,1823.22273822705,"MOOS",2021-08-22,159.225,NA,103.9,38.5016666666667,1823.22273822705
"367",2021-08-22 08:05:00,1830.7727346319,"MOOS",2021-08-22,NA,NA,NA,NA,1830.7727346319
"368",2021-08-22 08:10:00,1819.58688901697,"MOOS",2021-08-22,NA,NA,NA,NA,1819.58688901697
"369",2021-08-22 08:15:00,1811.19600685535,"MOOS",2021-08-22,160.394,NA,103.92,35.546,1811.19600685535
"370",2021-08-22 08:20:00,1793.57934857742,"MOOS",2021-08-22,NA,NA,NA,NA,1793.57934857742
"371",2021-08-22 08:25:00,1782.39350296272,"MOOS",2021-08-22,NA,NA,NA,NA,1782.39350296272
"372",2021-08-22 08:30:00,1802.52682670881,"MOOS",2021-08-22,159.973333333333,NA,103.983333333333,39.1533333333333,1802.52682670881
"373",2021-08-22 08:35:00,1800.01016124053,"MOOS",2021-08-22,NA,NA,NA,NA,1800.01016124053
"374",2021-08-22 08:40:00,1800.85104699736,"MOOS",2021-08-22,NA,NA,NA,NA,1800.85104699736
"375",2021-08-22 08:45:00,1798.61267951399,"MOOS",2021-08-22,160.838,NA,104,35.956,1798.61267951399
"376",2021-08-22 08:50:00,1778.20105778298,"MOOS",2021-08-22,NA,NA,NA,NA,1778.20105778298
"377",2021-08-22 08:55:00,1791.34098109393,"MOOS",2021-08-22,NA,NA,NA,NA,1791.34098109393
"378",2021-08-22 09:00:00,1796.0960140457,"MOOS",2021-08-22,161.366666666667,NA,104.05,41,1796.0960140457
"379",2021-08-22 09:05:00,1788.82431562565,"MOOS",2021-08-22,NA,NA,NA,NA,1788.82431562565
"380",2021-08-22 09:10:00,1779.31424972235,"MOOS",2021-08-22,NA,NA,NA,NA,1779.31424972235
"381",2021-08-22 09:15:00,1805.04349217709,"MOOS",2021-08-22,161.636,NA,104.1,39.228,1805.04349217709
"382",2021-08-22 09:20:00,1802.52682670881,"MOOS",2021-08-22,NA,NA,NA,NA,1802.52682670881
"383",2021-08-22 09:25:00,1784.34758065885,"MOOS",2021-08-22,NA,NA,NA,NA,1784.34758065885
"384",2021-08-22 09:30:00,1787.70513188397,"MOOS",2021-08-22,162.441666666667,NA,104.1,36.4883333333333,1787.70513188397
"385",2021-08-22 09:35:00,1770.3667715909,"MOOS",2021-08-22,NA,NA,NA,NA,1770.3667715909
"386",2021-08-22 09:40:00,1766.73092238104,"MOOS",2021-08-22,NA,NA,NA,NA,1766.73092238104
"387",2021-08-22 09:45:00,1781.27431922092,"MOOS",2021-08-22,162.608,NA,104.1,36.188,1781.27431922092
"388",2021-08-22 09:50:00,1766.73092238104,"MOOS",2021-08-22,NA,NA,NA,NA,1766.73092238104
"389",2021-08-22 09:55:00,1754.70419100911,"MOOS",2021-08-22,NA,NA,NA,NA,1754.70419100911
"390",2021-08-22 10:00:00,1771.76425331749,"MOOS",2021-08-22,163.118333333333,NA,104.166666666667,36.3016666666667,1771.76425331749
"391",2021-08-22 10:05:00,1763.09507317096,"MOOS",2021-08-22,NA,NA,NA,NA,1763.09507317096
"392",2021-08-22 10:10:00,1759.45922396099,"MOOS",2021-08-22,NA,NA,NA,NA,1759.45922396099
"393",2021-08-22 10:15:00,1740.44508395647,"MOOS",2021-08-22,163.56,NA,104.2,36.776,1740.44508395647
"394",2021-08-22 10:20:00,1755.82337475091,"MOOS",2021-08-22,NA,NA,NA,NA,1755.82337475091
"395",2021-08-22 10:25:00,1759.18092597619,"MOOS",2021-08-22,NA,NA,NA,NA,1759.18092597619
"396",2021-08-22 10:30:00,1765.61173863913,"MOOS",2021-08-22,163.931666666667,NA,104.2,34.4783333333333,1765.61173863913
"397",2021-08-22 10:35:00,1758.06174223439,"MOOS",2021-08-22,NA,NA,NA,NA,1758.06174223439
"398",2021-08-22 10:40:00,1725.62338913168,"MOOS",2021-08-22,NA,NA,NA,NA,1725.62338913168
"399",2021-08-22 10:45:00,1744.08093316655,"MOOS",2021-08-22,163.608,NA,104.26,54.328,1744.08093316655
"400",2021-08-22 10:50:00,1744.63752913609,"MOOS",2021-08-22,NA,NA,NA,NA,1744.63752913609
"401",2021-08-22 10:55:00,1745.75671287777,"MOOS",2021-08-22,NA,NA,NA,NA,1745.75671287777
"402",2021-08-22 11:00:00,1733.45168352133,"MOOS",2021-08-22,164.45,NA,104.233333333333,34.2366666666667,1733.45168352133
"403",2021-08-22 11:05:00,1734.84916524787,"MOOS",2021-08-22,NA,NA,NA,NA,1734.84916524787
"404",2021-08-22 11:10:00,1733.72998150619,"MOOS",2021-08-22,NA,NA,NA,NA,1733.72998150619
"405",2021-08-22 11:15:00,1741.84256568307,"MOOS",2021-08-22,164.776,NA,104.38,33.72,1741.84256568307
"406",2021-08-22 11:20:00,1737.36583071615,"MOOS",2021-08-22,NA,NA,NA,NA,1737.36583071615
"407",2021-08-22 11:25:00,1731.2133160379,"MOOS",2021-08-22,NA,NA,NA,NA,1731.2133160379
"408",2021-08-22 11:30:00,1728.69665056962,"MOOS",2021-08-22,165.276666666667,NA,104.4,33.1,1728.69665056962
"409",2021-08-22 11:35:00,1733.45168352133,"MOOS",2021-08-22,NA,NA,NA,NA,1733.45168352133
"410",2021-08-22 11:40:00,1722.54413589131,"MOOS",2021-08-22,NA,NA,NA,NA,1722.54413589131
"411",2021-08-22 11:45:00,1701.29162840347,"MOOS",2021-08-22,165.534,NA,104.48,36.418,1701.29162840347
"412",2021-08-22 11:50:00,1717.78910293948,"MOOS",2021-08-22,NA,NA,NA,NA,1717.78910293948
"413",2021-08-22 11:55:00,1708.56332682353,"MOOS",2021-08-22,NA,NA,NA,NA,1708.56332682353
"414",2021-08-22 12:00:00,1719.74917243823,"MOOS",2021-08-22,165.671666666667,NA,104.5,33.8483333333333,1719.74917243823
"415",2021-08-22 12:05:00,1725.90168711648,"MOOS",2021-08-22,NA,NA,NA,NA,1725.90168711648
"416",2021-08-22 12:10:00,1711.07999229181,"MOOS",2021-08-22,NA,NA,NA,NA,1711.07999229181
"417",2021-08-22 12:15:00,1687.58911732025,"MOOS",2021-08-22,166.338,NA,104.58,35.12,1687.58911732025
"418",2021-08-22 12:20:00,1692.90074624174,"MOOS",2021-08-22,NA,NA,NA,NA,1692.90074624174
"419",2021-08-22 12:25:00,1691.78156249993,"MOOS",2021-08-22,NA,NA,NA,NA,1691.78156249993
"420",2021-08-22 12:30:00,1690.38408077345,"MOOS",2021-08-22,166.216666666667,NA,104.6,32.5116666666667,1690.38408077345
"421",2021-08-22 12:35:00,1673.32401846518,"MOOS",2021-08-22,NA,NA,NA,NA,1673.32401846518
"422",2021-08-22 12:40:00,1656.82654392894,"MOOS",2021-08-22,NA,NA,NA,NA,1656.82654392894
"423",2021-08-22 12:45:00,1675.84068393346,"MOOS",2021-08-22,166.536,NA,104.64,29.558,1675.84068393346
"424",2021-08-22 12:50:00,1678.07905141695,"MOOS",2021-08-22,NA,NA,NA,NA,1678.07905141695
"425",2021-08-22 12:55:00,1647.87906579772,"MOOS",2021-08-22,NA,NA,NA,NA,1647.87906579772
"426",2021-08-22 13:00:00,1663.2573565921,"MOOS",2021-08-22,166.741666666667,NA,104.7,30.285,1663.2573565921
"427",2021-08-22 13:05:00,1655.98565817217,"MOOS",2021-08-22,NA,NA,NA,NA,1655.98565817217
"428",2021-08-22 13:10:00,1660.74069112382,"MOOS",2021-08-22,NA,NA,NA,NA,1660.74069112382
"429",2021-08-22 13:15:00,1661.01898910868,"MOOS",2021-08-22,167.324,NA,104.76,32.03,1661.01898910868
"430",2021-08-22 13:20:00,1662.41647083516,"MOOS",2021-08-22,NA,NA,NA,NA,1662.41647083516
"431",2021-08-22 13:25:00,1674.44320220686,"MOOS",2021-08-22,NA,NA,NA,NA,1674.44320220686
"432",2021-08-22 13:30:00,1659.89980536688,"MOOS",2021-08-22,167.288333333333,NA,104.733333333333,33.895,1659.89980536688
"433",2021-08-22 13:35:00,1661.85987486551,"MOOS",2021-08-22,NA,NA,NA,NA,1661.85987486551
"434",2021-08-22 13:40:00,1645.07811054215,"MOOS",2021-08-22,NA,NA,NA,NA,1645.07811054215
"435",2021-08-22 13:45:00,1633.61396694247,"MOOS",2021-08-22,167.802,NA,104.8,31.232,1633.61396694247
"436",2021-08-22 13:50:00,1644.79981255723,"MOOS",2021-08-22,NA,NA,NA,NA,1644.79981255723
"437",2021-08-22 13:55:00,1643.68062881555,"MOOS",2021-08-22,NA,NA,NA,NA,1643.68062881555
"438",2021-08-22 14:00:00,1643.68062881555,"MOOS",2021-08-22,168.373333333333,NA,104.9,29.9433333333333,1643.68062881555
"439",2021-08-22 14:05:00,1647.31647802552,"MOOS",2021-08-22,NA,NA,NA,NA,1647.31647802552
"440",2021-08-22 14:10:00,1649.8331434938,"MOOS",2021-08-22,NA,NA,NA,NA,1649.8331434938
"441",2021-08-22 14:15:00,1637.24981615244,"MOOS",2021-08-22,168.29,NA,105,32.288,1637.24981615244
"442",2021-08-22 14:20:00,1637.5281141373,"MOOS",2021-08-22,NA,NA,NA,NA,1637.5281141373
"443",2021-08-22 14:25:00,1636.1306324107,"MOOS",2021-08-22,NA,NA,NA,NA,1636.1306324107
"444",2021-08-22 14:30:00,1631.37559945893,"MOOS",2021-08-22,168.28,NA,105.083333333333,31.6,1631.37559945893
"445",2021-08-22 14:35:00,1639.76648162067,"MOOS",2021-08-22,NA,NA,NA,NA,1639.76648162067
"446",2021-08-22 14:40:00,1648.71395975212,"MOOS",2021-08-22,NA,NA,NA,NA,1648.71395975212
"447",2021-08-22 14:45:00,1617.67308837594,"MOOS",2021-08-22,168.8,NA,105.2,32.654,1617.67308837594
"448",2021-08-22 14:50:00,1628.85893399065,"MOOS",2021-08-22,NA,NA,NA,NA,1628.85893399065
"449",2021-08-22 14:55:00,1637.5281141373,"MOOS",2021-08-22,NA,NA,NA,NA,1637.5281141373
"450",2021-08-22 15:00:00,1615.15642290766,"MOOS",2021-08-22,168.456666666667,NA,105.266666666667,33.18,1615.15642290766
"451",2021-08-22 15:05:00,1619.07057010249,"MOOS",2021-08-22,NA,NA,NA,NA,1619.07057010249
"452",2021-08-22 15:10:00,1619.07057010249,"MOOS",2021-08-22,NA,NA,NA,NA,1619.07057010249
"453",2021-08-22 15:15:00,1600.33472808293,"MOOS",2021-08-22,168.888,NA,105.3,30.342,1600.33472808293
"454",2021-08-22 15:20:00,1600.33472808293,"MOOS",2021-08-22,NA,NA,NA,NA,1600.33472808293
"455",2021-08-22 15:25:00,1594.46051138942,"MOOS",2021-08-22,NA,NA,NA,NA,1594.46051138942
"456",2021-08-22 15:30:00,1599.49384232599,"MOOS",2021-08-22,169.383333333333,NA,105.383333333333,27.3733333333333,1599.49384232599
"457",2021-08-22 15:35:00,1609.28220621421,"MOOS",2021-08-22,NA,NA,NA,NA,1609.28220621421
"458",2021-08-22 15:40:00,1610.40138995601,"MOOS",2021-08-22,NA,NA,NA,NA,1610.40138995601
"459",2021-08-22 15:45:00,1632.77308118553,"MOOS",2021-08-22,169.508,NA,105.5,27.48,1632.77308118553
"460",2021-08-22 15:50:00,1614.31553715066,"MOOS",2021-08-22,NA,NA,NA,NA,1614.31553715066
"461",2021-08-22 15:55:00,1599.21554434107,"MOOS",2021-08-22,NA,NA,NA,NA,1599.21554434107
"462",2021-08-22 16:00:00,1600.61302606767,"MOOS",2021-08-22,169.05,NA,105.583333333333,27.9166666666667,1600.61302606767
"463",2021-08-22 16:05:00,1580.75800030638,"MOOS",2021-08-22,NA,NA,NA,NA,1580.75800030638
"464",2021-08-22 16:10:00,1589.148882468,"MOOS",2021-08-22,NA,NA,NA,NA,1589.148882468
"465",2021-08-22 16:15:00,1581.87718404806,"MOOS",2021-08-22,169.378,NA,105.66,28.612,1581.87718404806
"466",2021-08-22 16:20:00,1594.46051138942,"MOOS",2021-08-22,NA,NA,NA,NA,1594.46051138942
"467",2021-08-22 16:25:00,1583.27466577466,"MOOS",2021-08-22,NA,NA,NA,NA,1583.27466577466
"468",2021-08-22 16:30:00,1585.79133124294,"MOOS",2021-08-22,169.2,NA,105.7,27.72,1585.79133124294
"469",2021-08-22 16:35:00,1572.08882015984,"MOOS",2021-08-22,NA,NA,NA,NA,1572.08882015984
"470",2021-08-22 16:40:00,1588.30799671117,"MOOS",2021-08-22,NA,NA,NA,NA,1588.30799671117
"471",2021-08-22 16:45:00,1582.43378001772,"MOOS",2021-08-22,169.002,NA,105.76,27.654,1582.43378001772
"472",2021-08-22 16:50:00,1594.46051138942,"MOOS",2021-08-22,NA,NA,NA,NA,1594.46051138942
"473",2021-08-22 16:55:00,1594.46051138942,"MOOS",2021-08-22,NA,NA,NA,NA,1594.46051138942
"474",2021-08-22 17:00:00,1582.15548203298,"MOOS",2021-08-22,168.788333333333,NA,105.816666666667,33.6683333333333,1582.15548203298
"475",2021-08-22 17:05:00,1577.12215109641,"MOOS",2021-08-22,NA,NA,NA,NA,1577.12215109641
"476",2021-08-22 17:10:00,1578.51963282289,"MOOS",2021-08-22,NA,NA,NA,NA,1578.51963282289
"477",2021-08-22 17:15:00,1582.43378001772,"MOOS",2021-08-22,168.638,NA,105.9,28.29,1582.43378001772
"478",2021-08-22 17:20:00,1570.96963641804,"MOOS",2021-08-22,NA,NA,NA,NA,1570.96963641804
"479",2021-08-22 17:25:00,1581.31459627592,"MOOS",2021-08-22,NA,NA,NA,NA,1581.31459627592
"480",2021-08-22 17:30:00,1547.75705943152,"MOOS",2021-08-22,169.075,NA,106,26.7266666666667,1547.75705943152
"481",2021-08-22 17:35:00,1566.21460346627,"MOOS",2021-08-22,NA,NA,NA,NA,1566.21460346627
"482",2021-08-22 17:40:00,1541.60454475333,"MOOS",2021-08-22,NA,NA,NA,NA,1541.60454475333
"483",2021-08-22 17:45:00,1558.94290504645,"MOOS",2021-08-22,168.506,NA,106.1,28.354,1558.94290504645
"484",2021-08-22 17:50:00,1533.77625036379,"MOOS",2021-08-22,NA,NA,NA,NA,1533.77625036379
"485",2021-08-22 17:55:00,1549.71712893021,"MOOS",2021-08-22,NA,NA,NA,NA,1549.71712893021
"486",2021-08-22 18:00:00,1543.84291223681,"MOOS",2021-08-22,166.811666666667,NA,106.183333333333,28.195,1543.84291223681
"487",2021-08-22 18:05:00,1544.96209597838,"MOOS",2021-08-22,NA,NA,NA,NA,1544.96209597838
"488",2021-08-22 18:10:00,1551.11461065663,"MOOS",2021-08-22,NA,NA,NA,NA,1551.11461065663
"489",2021-08-22 18:15:00,1534.05454834847,"MOOS",2021-08-22,169.202,NA,106.2,27.708,1534.05454834847
"490",2021-08-22 18:20:00,1547.75705943152,"MOOS",2021-08-22,NA,NA,NA,NA,1547.75705943152
"491",2021-08-22 18:25:00,1548.87624317338,"MOOS",2021-08-22,NA,NA,NA,NA,1548.87624317338
"492",2021-08-22 18:30:00,1515.31870632881,"MOOS",2021-08-22,169.42,NA,106.3,26.82,1515.31870632881
"493",2021-08-22 18:35:00,1532.93536460667,"MOOS",2021-08-22,NA,NA,NA,NA,1532.93536460667
"494",2021-08-22 18:40:00,1532.93536460667,"MOOS",2021-08-22,NA,NA,NA,NA,1532.93536460667
"495",2021-08-22 18:45:00,1531.53788288025,"MOOS",2021-08-22,169.48,NA,106.4,29.466,1531.53788288025
"496",2021-08-22 18:50:00,1524.2661844602,"MOOS",2021-08-22,NA,NA,NA,NA,1524.2661844602
"497",2021-08-22 18:55:00,1525.38536820188,"MOOS",2021-08-22,NA,NA,NA,NA,1525.38536820188
"498",2021-08-22 19:00:00,1520.63033525011,"MOOS",2021-08-22,167.828333333333,NA,106.466666666667,29.6433333333333,1520.63033525011
"499",2021-08-22 19:05:00,1509.72278762021,"MOOS",2021-08-22,NA,NA,NA,NA,1509.72278762021
"500",2021-08-22 19:10:00,1524.2661844602,"MOOS",2021-08-22,NA,NA,NA,NA,1524.2661844602
"501",2021-08-22 19:15:00,1521.74951899191,"MOOS",2021-08-22,168.412,NA,106.52,28.576,1521.74951899191
"502",2021-08-22 19:20:00,1513.08033884532,"MOOS",2021-08-22,NA,NA,NA,NA,1513.08033884532
"503",2021-08-22 19:25:00,1518.11366978183,"MOOS",2021-08-22,NA,NA,NA,NA,1518.11366978183
"504",2021-08-22 19:30:00,1529.29951539671,"MOOS",2021-08-22,169.058333333333,NA,106.6,27.53,1529.29951539671
"505",2021-08-22 19:35:00,1524.2661844602,"MOOS",2021-08-22,NA,NA,NA,NA,1524.2661844602
"506",2021-08-22 19:40:00,1505.8086404255,"MOOS",2021-08-22,NA,NA,NA,NA,1505.8086404255
"507",2021-08-22 19:45:00,1504.6894566837,"MOOS",2021-08-22,168.732,NA,106.62,28.596,1504.6894566837
"508",2021-08-22 19:50:00,1514.47782057198,"MOOS",2021-08-22,NA,NA,NA,NA,1514.47782057198
"509",2021-08-22 19:55:00,1504.6894566837,"MOOS",2021-08-22,NA,NA,NA,NA,1504.6894566837
"510",2021-08-22 20:00:00,1501.89449323062,"MOOS",2021-08-22,168.915,NA,106.7,27.465,1501.89449323062
"511",2021-08-22 20:05:00,1493.50361106888,"MOOS",2021-08-22,NA,NA,NA,NA,1493.50361106888
"512",2021-08-22 20:10:00,1487.35109639051,"MOOS",2021-08-22,NA,NA,NA,NA,1487.35109639051
"513",2021-08-22 20:15:00,1508.04700790875,"MOOS",2021-08-22,169.414,NA,106.78,29.866,1508.04700790875
"514",2021-08-22 20:20:00,1504.6894566837,"MOOS",2021-08-22,NA,NA,NA,NA,1504.6894566837
"515",2021-08-22 20:25:00,1487.35109639051,"MOOS",2021-08-22,NA,NA,NA,NA,1487.35109639051
"516",2021-08-22 20:30:00,1490.9869456006,"MOOS",2021-08-22,169.108333333333,NA,106.8,26.6316666666667,1490.9869456006
"517",2021-08-22 20:35:00,1471.4102178241,"MOOS",2021-08-22,NA,NA,NA,NA,1471.4102178241
"518",2021-08-22 20:40:00,1473.92688329233,"MOOS",2021-08-22,NA,NA,NA,NA,1473.92688329233
"519",2021-08-22 20:45:00,1508.32530589378,"MOOS",2021-08-22,169.054,NA,106.94,27.812,1508.32530589378
"520",2021-08-22 20:50:00,1463.86022141925,"MOOS",2021-08-22,NA,NA,NA,NA,1463.86022141925
"521",2021-08-22 20:55:00,1477.56273250229,"MOOS",2021-08-22,NA,NA,NA,NA,1477.56273250229
"522",2021-08-22 21:00:00,1452.95267378923,"MOOS",2021-08-22,168.661666666667,NA,107,26.835,1452.95267378923
"523",2021-08-22 21:05:00,1466.65518487227,"MOOS",2021-08-22,NA,NA,NA,NA,1466.65518487227
"524",2021-08-22 21:10:00,1470.29103408236,"MOOS",2021-08-22,NA,NA,NA,NA,1470.29103408236
"525",2021-08-22 21:15:00,1489.8677618588,"MOOS",2021-08-22,168.844,NA,107.08,25.758,1489.8677618588
"526",2021-08-22 21:20:00,1489.8677618588,"MOOS",2021-08-22,NA,NA,NA,NA,1489.8677618588
"527",2021-08-22 21:25:00,1480.07939797058,"MOOS",2021-08-22,NA,NA,NA,NA,1480.07939797058
"528",2021-08-22 21:30:00,1492.38442732708,"MOOS",2021-08-22,168.05,NA,107.15,28.9816666666667,1492.38442732708
"529",2021-08-22 21:35:00,1472.80769955064,"MOOS",2021-08-22,NA,NA,NA,NA,1472.80769955064
"530",2021-08-22 21:40:00,1487.35109639051,"MOOS",2021-08-22,NA,NA,NA,NA,1487.35109639051
"531",2021-08-22 21:45:00,1465.25770314585,"MOOS",2021-08-22,168.362,NA,107.2,40.206,1465.25770314585
"532",2021-08-22 21:50:00,1486.23191264883,"MOOS",2021-08-22,NA,NA,NA,NA,1486.23191264883
"533",2021-08-22 21:55:00,1477.56273250229,"MOOS",2021-08-22,NA,NA,NA,NA,1477.56273250229
"534",2021-08-22 22:00:00,1455.19104127272,"MOOS",2021-08-22,168.513333333333,NA,107.283333333333,27.73,1455.19104127272
"535",2021-08-22 22:05:00,1467.77436861413,"MOOS",2021-08-22,NA,NA,NA,NA,1467.77436861413
"536",2021-08-22 22:10:00,1465.25770314585,"MOOS",2021-08-22,NA,NA,NA,NA,1465.25770314585
"537",2021-08-22 22:15:00,1456.866820984,"MOOS",2021-08-22,168.174,NA,107.38,25.178,1456.866820984
"538",2021-08-22 22:20:00,1456.866820984,"MOOS",2021-08-22,NA,NA,NA,NA,1456.866820984
"539",2021-08-22 22:25:00,1463.01933566231,"MOOS",2021-08-22,NA,NA,NA,NA,1463.01933566231
"540",2021-08-22 22:30:00,1470.0127360975,"MOOS",2021-08-22,167.816666666667,NA,107.4,28.8616666666667,1470.0127360975
"541",2021-08-22 22:35:00,1449.03852659446,"MOOS",2021-08-22,NA,NA,NA,NA,1449.03852659446
"542",2021-08-22 22:40:00,1459.38348645222,"MOOS",2021-08-22,NA,NA,NA,NA,1459.38348645222
"543",2021-08-22 22:45:00,1434.49512975448,"MOOS",2021-08-22,167.78,NA,107.5,26.156,1434.49512975448
"544",2021-08-22 22:50:00,1442.88601191621,"MOOS",2021-08-22,NA,NA,NA,NA,1442.88601191621
"545",2021-08-22 22:55:00,1438.13097896456,"MOOS",2021-08-22,NA,NA,NA,NA,1438.13097896456
"546",2021-08-22 23:00:00,1429.46179881791,"MOOS",2021-08-22,167.905,NA,107.6,26.7066666666667,1429.46179881791
"547",2021-08-22 23:05:00,1425.82594960794,"MOOS",2021-08-22,NA,NA,NA,NA,1425.82594960794
"548",2021-08-22 23:10:00,1420.51432068663,"MOOS",2021-08-22,NA,NA,NA,NA,1420.51432068663
"549",2021-08-22 23:15:00,1422.19010039797,"MOOS",2021-08-22,167.712,NA,107.7,24.6,1422.19010039797
"550",2021-08-22 23:20:00,1423.30928413966,"MOOS",2021-08-22,NA,NA,NA,NA,1423.30928413966
"551",2021-08-22 23:25:00,1411.00425478304,"MOOS",2021-08-22,NA,NA,NA,NA,1411.00425478304
"552",2021-08-22 23:30:00,1424.42846788134,"MOOS",2021-08-22,166.886666666667,NA,107.7,28.0583333333333,1424.42846788134
"553",2021-08-22 23:35:00,1405.97092384653,"MOOS",2021-08-22,NA,NA,NA,NA,1405.97092384653
"554",2021-08-22 23:40:00,1418.55425118789,"MOOS",2021-08-22,NA,NA,NA,NA,1418.55425118789
"555",2021-08-22 23:45:00,1383.59923261701,"MOOS",2021-08-22,167.05,NA,107.8,24.746,1383.59923261701
"556",2021-08-22 23:50:00,1396.18255995831,"MOOS",2021-08-22,NA,NA,NA,NA,1396.18255995831
"557",2021-08-22 23:55:00,1404.85174010484,"MOOS",2021-08-22,NA,NA,NA,NA,1404.85174010484
"558",2021-08-23 00:00:00,1402.61337262142,"MOOS",2021-08-23,167.651666666667,NA,107.9,27.1533333333333,1402.61337262142
"559",2021-08-23 00:05:00,1407.36840557307,"MOOS",2021-08-23,NA,NA,NA,NA,1407.36840557307
"560",2021-08-23 00:10:00,1414.91840197792,"MOOS",2021-08-23,NA,NA,NA,NA,1414.91840197792
"561",2021-08-23 00:15:00,1417.4350674462,"MOOS",2021-08-23,167.252,NA,108,27.068,1417.4350674462
"562",2021-08-23 00:20:00,1416.0375857196,"MOOS",2021-08-23,NA,NA,NA,NA,1416.0375857196
"563",2021-08-23 00:25:00,1413.52092025132,"MOOS",2021-08-23,NA,NA,NA,NA,1413.52092025132
"564",2021-08-23 00:30:00,1397.58004168491,"MOOS",2021-08-23,167.373333333333,NA,108.1,30.78,1397.58004168491
"565",2021-08-23 00:35:00,1402.33507463656,"MOOS",2021-08-23,NA,NA,NA,NA,1402.33507463656
"566",2021-08-23 00:40:00,1409.60677305661,"MOOS",2021-08-23,NA,NA,NA,NA,1409.60677305661
"567",2021-08-23 00:45:00,1396.18255995831,"MOOS",2021-08-23,166.732,NA,108.1,27.908,1396.18255995831
"568",2021-08-23 00:50:00,1397.30174369999,"MOOS",2021-08-23,NA,NA,NA,NA,1397.30174369999
"569",2021-08-23 00:55:00,1416.0375857196,"MOOS",2021-08-23,NA,NA,NA,NA,1416.0375857196
"570",2021-08-23 01:00:00,1371.29420326039,"MOOS",2021-08-23,166.953333333333,NA,108.2,26.35,1371.29420326039
"571",2021-08-23 01:05:00,1401.21589089488,"MOOS",2021-08-23,NA,NA,NA,NA,1401.21589089488
"572",2021-08-23 01:10:00,1408.48758931481,"MOOS",2021-08-23,NA,NA,NA,NA,1408.48758931481
"573",2021-08-23 01:15:00,1409.60677305661,"MOOS",2021-08-23,166.696,NA,108.28,27.37,1409.60677305661
"574",2021-08-23 01:20:00,1407.36840557307,"MOOS",2021-08-23,NA,NA,NA,NA,1407.36840557307
"575",2021-08-23 01:25:00,1402.61337262142,"MOOS",2021-08-23,NA,NA,NA,NA,1402.61337262142
