"","DateTime","Site","Q","day","fDOM.QSU","nitrateuM","SpCond.uScm","Turbidity.FNU","MeanDischarge"
"1",2018-09-01 05:30:00,"FRCH",607.520378246671,2018-09-01,156.523333333333,NA,70.35,24.2716666666667,607.520378246671
"2",2018-09-01 06:00:00,"FRCH",606.515850681724,2018-09-01,157.063333333333,NA,70.4666666666667,23.995,606.515850681724
"3",2018-09-01 06:30:00,"FRCH",609.529433376505,2018-09-01,156.653333333333,NA,70.6333333333333,24.4866666666667,609.529433376505
"4",2018-09-01 07:00:00,"FRCH",609.529433376505,2018-09-01,157.215,NA,70.7666666666667,24.8533333333333,609.529433376505
"5",2018-09-01 07:30:00,"FRCH",614.552071201208,2018-09-01,157.848333333333,NA,70.9,26.2483333333333,614.552071201208
"6",2018-09-01 08:00:00,"FRCH",612.543016071344,2018-09-01,158.285,NA,71.0666666666667,21.2466666666667,612.543016071344
"7",2018-09-01 08:30:00,"FRCH",619.574709025881,2018-09-01,159.273333333333,NA,71.2,22.6683333333333,619.574709025881
"8",2018-09-01 09:00:00,"FRCH",618.570181460935,2018-09-01,159.075,NA,71.35,21.2033333333333,618.570181460935
"9",2018-09-01 09:30:00,"FRCH",618.570181460935,2018-09-01,159.731666666667,NA,71.4833333333333,17.7083333333333,618.570181460935
"10",2018-09-01 10:00:00,"FRCH",625.601874415472,2018-09-01,159.778333333333,NA,71.6,18.865,625.601874415472
"11",2018-09-01 10:30:00,"FRCH",627.610929545335,2018-09-01,159.878333333333,NA,71.7166666666667,22.4333333333333,627.610929545335
"12",2018-09-01 11:00:00,"FRCH",633.638094934926,2018-09-01,159.681666666667,NA,71.8333333333333,27.275,633.638094934926
"13",2018-09-01 11:30:00,"FRCH",642.678843019356,2018-09-01,159.841666666667,NA,71.95,19.605,642.678843019356
"14",2018-09-01 12:00:00,"FRCH",645.692425714136,2018-09-01,159.356666666667,NA,72.0666666666667,16.7866666666667,645.692425714136
"15",2018-09-01 12:30:00,"FRCH",658.751284058264,2018-09-01,159.081666666667,NA,72.1666666666667,16.1516666666667,658.751284058264
"16",2018-09-01 13:00:00,"FRCH",673.819197532284,2018-09-01,159.146666666667,NA,72.3,15.8666666666667,673.819197532284
"17",2018-09-01 13:30:00,"FRCH",679.846362921904,2018-09-01,158.323333333333,NA,72.4,16.31,679.846362921904
"18",2018-09-01 14:00:00,"FRCH",700.941441785486,2018-09-01,158.831666666667,NA,72.5666666666667,16.3966666666667,700.941441785486
"19",2018-09-01 14:30:00,"FRCH",720.027465519233,2018-09-01,158.598333333333,NA,72.6666666666667,16.31,720.027465519233
"20",2018-09-01 15:00:00,"FRCH",743.131599512708,2018-09-01,158.268333333333,NA,72.8,16.305,743.131599512708
"21",2018-09-01 15:30:00,"FRCH",760.208568116592,2018-09-01,157.89,NA,72.9,17.2516666666667,760.208568116592
"22",2018-09-01 16:00:00,"FRCH",786.326284804876,2018-09-02,158.123333333333,NA,73,15.22,786.326284804876
"23",2018-09-01 16:30:00,"FRCH",813.448529058078,2018-09-02,155.623333333333,NA,73.1,16.89,813.448529058078
"24",2018-09-01 17:00:00,"FRCH",839.566245746362,2018-09-02,157.361666666667,NA,73.2,18.12,839.566245746362
"25",2018-09-01 17:30:00,"FRCH",865.683962434647,2018-09-02,157.22,NA,73.2666666666667,17.1,865.683962434647
"26",2018-09-01 18:00:00,"FRCH",897.828844512493,2018-09-02,156.633333333333,NA,73.3333333333333,18.72,897.828844512493
"27",2018-09-01 18:30:00,"FRCH",911.892230421596,2018-09-02,156.025,NA,73.4,17.1433333333333,911.892230421596
"28",2018-09-01 19:00:00,"FRCH",932.987309285178,2018-09-02,154.44,NA,73.45,18.335,932.987309285178
"29",2018-09-01 19:30:00,"FRCH",961.114081103355,2018-09-02,155.411666666667,NA,73.5166666666667,13.7516666666667,961.114081103355
"30",2018-09-01 20:00:00,"FRCH",986.227270226664,2018-09-02,154.755,NA,73.5666666666667,16.0133333333333,986.227270226664
"31",2018-09-01 20:30:00,"FRCH",1005.31329396041,2018-09-02,154.023333333333,NA,73.65,16.9316666666667,1005.31329396041
"32",2018-09-01 21:00:00,"FRCH",1034.44459334348,2018-09-02,153.53,NA,73.7,20.6366666666667,1034.44459334348
"33",2018-09-01 21:30:00,"FRCH",1046.49892412269,2018-09-02,152.668333333333,NA,73.7333333333333,22.8766666666667,1046.49892412269
"34",2018-09-01 22:00:00,"FRCH",1071.61211324605,2018-09-02,152.043333333333,NA,73.8,19.765,1071.61211324605
"35",2018-09-01 22:30:00,"FRCH",1087.68455428496,2018-09-02,151.208333333333,NA,73.8,22.38,1087.68455428496
"36",2018-09-01 23:00:00,"FRCH",1108.7796331486,2018-09-02,150.543333333333,NA,73.7666666666667,19.44,1108.7796331486
"37",2018-09-01 23:30:00,"FRCH",1130.87923957713,2018-09-02,149.701666666667,NA,73.7333333333333,22.9516666666667,1130.87923957713
"38",2018-09-02 00:00:00,"FRCH",1146.9516806161,2018-09-02,149.365,NA,73.8,19.625,1146.9516806161
"39",2018-09-02 00:30:00,"FRCH",1190.14636590821,2018-09-02,148.856666666667,NA,73.8,18.4366666666667,1190.14636590821
"40",2018-09-02 01:00:00,"FRCH",1168.04675947968,2018-09-02,148.203333333333,NA,73.8,20.3816666666667,1168.04675947968
"41",2018-09-02 01:30:00,"FRCH",1203.20522425236,2018-09-02,147.788333333333,NA,73.8,16.1866666666667,1203.20522425236
"42",2018-09-02 02:00:00,"FRCH",1219.2776652913,2018-09-02,146.725,NA,73.7,19.7966666666667,1219.2776652913
"43",2018-09-02 02:30:00,"FRCH",1226.30935824584,2018-09-02,146.885,NA,73.6,47.9016666666667,1226.30935824584
"44",2018-09-02 03:00:00,"FRCH",1219.2776652913,2018-09-02,146.735,NA,73.4666666666667,20.6133333333333,1219.2776652913
"45",2018-09-02 03:30:00,"FRCH",1258.45424032371,2018-09-02,145.665,NA,73.2333333333333,25.785,1258.45424032371
"46",2018-09-02 04:00:00,"FRCH",1263.47687814839,2018-09-02,145.081666666667,NA,72.95,27.4683333333333,1263.47687814839
"47",2018-09-02 04:30:00,"FRCH",1285.57648457692,2018-09-02,144.873333333333,NA,72.65,31.3283333333333,1285.57648457692
"48",2018-09-02 05:00:00,"FRCH",1305.66703587561,2018-09-02,144.023333333333,NA,72.3,157.343333333333,1305.66703587561
"49",2018-09-02 05:30:00,"FRCH",1304.66250831066,2018-09-02,144.841666666667,NA,71.9,32.425,1304.66250831066
"50",2018-09-02 06:00:00,"FRCH",1327.76664230414,2018-09-02,143.831666666667,NA,71.4666666666667,33.0133333333333,1327.76664230414
"51",2018-09-02 06:30:00,"FRCH",1342.83455577816,2018-09-02,142.14,NA,71,40.8833333333333,1342.83455577816
"52",2018-09-02 07:00:00,"FRCH",1326.76211473919,2018-09-02,141.751666666667,NA,70.5,47.905,1326.76211473919
"53",2018-09-02 07:30:00,"FRCH",1338.8164455184,2018-09-02,141.24,NA,69.85,49.4183333333333,1338.8164455184
"54",2018-09-02 08:00:00,"FRCH",1373.97491029112,2018-09-02,142.49,NA,69.25,42.7083333333333,1373.97491029112
"55",2018-09-02 08:30:00,"FRCH",1342.83455577816,2018-09-02,142.011666666667,NA,68.6166666666667,54.1216666666667,1342.83455577816
"56",2018-09-02 09:00:00,"FRCH",1342.83455577816,2018-09-02,140.811666666667,NA,67.9333333333333,58.4966666666667,1342.83455577816
"57",2018-09-02 09:30:00,"FRCH",1330.78022499895,2018-09-02,140.441666666667,NA,67.25,63.9716666666667,1330.78022499895
"58",2018-09-02 10:00:00,"FRCH",1316.71683908987,2018-09-02,139.356666666667,NA,66.5166666666667,70.5833333333333,1316.71683908987
"59",2018-09-02 10:30:00,"FRCH",1344.84361090799,2018-09-02,137.48,NA,65.75,62.1533333333333,1344.84361090799
"60",2018-09-02 11:00:00,"FRCH",1355.89341412231,2018-09-02,136.1,NA,64.9166666666667,104.391666666667,1355.89341412231
"61",2018-09-02 11:30:00,"FRCH",1307.67609100547,2018-09-02,134.87,NA,63.95,75.5716666666667,1307.67609100547
"62",2018-09-02 12:00:00,"FRCH",1364.93416220669,2018-09-02,132.17,NA,62.9,91.4316666666667,1364.93416220669
"63",2018-09-02 12:30:00,"FRCH",1354.88888655737,2018-09-02,130.015,NA,61.95,80.2833333333333,1354.88888655737
"64",2018-09-02 13:00:00,"FRCH",1293.6127050964,2018-09-02,128.958333333333,NA,60.9166666666667,94.8783333333333,1293.6127050964
"65",2018-09-02 13:30:00,"FRCH",1327.76664230414,2018-09-02,127.085,NA,59.9,90.1983333333333,1327.76664230414
"66",2018-09-02 14:00:00,"FRCH",1306.67156344056,2018-09-02,125.726666666667,NA,58.8,98.29,1306.67156344056
"67",2018-09-02 14:30:00,"FRCH",1270.50857110292,2018-09-02,121.811666666667,NA,57.5666666666667,95.33,1270.50857110292
"68",2018-09-02 15:00:00,"FRCH",1249.41349223931,2018-09-02,119.003333333333,NA,56.4,105.65,1249.41349223931
"69",2018-09-02 15:30:00,"FRCH",1260.46329545361,2018-09-02,116.956666666667,NA,55.3166666666667,103.455,1260.46329545361
"70",2018-09-02 16:00:00,"FRCH",1304.66250831066,2018-09-03,113.826666666667,NA,54.1666666666667,110.208333333333,1304.66250831066
"71",2018-09-02 16:30:00,"FRCH",1288.59006727173,2018-09-03,113.38,NA,53.1,128.2,1288.59006727173
"72",2018-09-02 17:00:00,"FRCH",1239.36821658997,2018-09-03,112.4,NA,52,116.143333333333,1239.36821658997
"73",2018-09-02 17:30:00,"FRCH",1257.44971275877,2018-09-03,111.283333333333,NA,50.9666666666667,111.458333333333,1257.44971275877
"74",2018-09-02 18:00:00,"FRCH",1249.41349223931,2018-09-03,109.365,NA,49.9666666666667,112.38,1249.41349223931
"75",2018-09-02 18:30:00,"FRCH",1201.19616912247,2018-09-03,107.226666666667,NA,48.95,109.566666666667,1201.19616912247
"76",2018-09-02 19:00:00,"FRCH",1225.30483068089,2018-09-03,107.905,NA,48.0166666666667,109.095,1225.30483068089
"77",2018-09-02 19:30:00,"FRCH",1233.34105120038,2018-09-03,107.655,NA,47.1333333333333,114.785,1233.34105120038
"78",2018-09-02 20:00:00,"FRCH",1226.30935824584,2018-09-03,109.08,NA,46.3333333333333,108.721666666667,1226.30935824584
"79",2018-09-02 20:30:00,"FRCH",1204.20975181731,2018-09-03,111.196666666667,NA,45.7333333333333,107.518333333333,1204.20975181731
"80",2018-09-02 21:00:00,"FRCH",1217.26861016144,2018-09-03,113.36,NA,45.25,97.5083333333333,1217.26861016144
"81",2018-09-02 21:30:00,"FRCH",1205.21427938223,2018-09-03,115.221666666667,NA,44.8,92.415,1205.21427938223
"82",2018-09-02 22:00:00,"FRCH",1191.15089347315,2018-09-03,118.488333333333,NA,44.5166666666667,84.1133333333333,1191.15089347315
"83",2018-09-02 22:30:00,"FRCH",1197.17805886274,2018-09-03,121.078333333333,NA,44.4,82.6583333333333,1197.17805886274
"84",2018-09-02 23:00:00,"FRCH",1168.04675947968,2018-09-03,124.156666666667,NA,44.3,75.5683333333333,1168.04675947968
"85",2018-09-02 23:30:00,"FRCH",1198.18258642769,2018-09-03,127.645,NA,44.3,70.7066666666667,1198.18258642769
"86",2018-09-03 00:00:00,"FRCH",1188.13731077837,2018-09-03,130.225,NA,44.4,64.79,1188.13731077837
"87",2018-09-03 00:30:00,"FRCH",1171.06034217449,2018-09-03,133.521666666667,NA,44.4666666666667,63.3433333333333,1171.06034217449
"88",2018-09-03 01:00:00,"FRCH",1169.05128704463,2018-09-03,136.186666666667,NA,44.6,66.055,1169.05128704463
"89",2018-09-03 01:30:00,"FRCH",1172.06486973941,2018-09-03,138.73,NA,44.8333333333333,55.9466666666667,1172.06486973941
"90",2018-09-03 02:00:00,"FRCH",1161.01506652514,2018-09-03,139.77,NA,45.1,59.5733333333333,1161.01506652514
"91",2018-09-03 02:30:00,"FRCH",1147.95620818099,2018-09-03,142.025,NA,45.3666666666667,52.3816666666667,1147.95620818099
"92",2018-09-03 03:00:00,"FRCH",1148.96073574593,2018-09-03,143.491666666667,NA,45.6166666666667,47.6266666666667,1148.96073574593
"93",2018-09-03 03:30:00,"FRCH",1145.94715305115,2018-09-03,144.746666666667,NA,45.9166666666667,45.4916666666667,1145.94715305115
"94",2018-09-03 04:00:00,"FRCH",1145.94715305115,2018-09-03,145.726666666667,NA,46.2333333333333,46.275,1145.94715305115
"95",2018-09-03 04:30:00,"FRCH",1135.9018774018,2018-09-03,147.433333333333,NA,46.55,51.3383333333333,1135.9018774018
"96",2018-09-03 05:00:00,"FRCH",1137.91093253167,2018-09-03,147.85,NA,46.9,75.7266666666667,1137.91093253167
"97",2018-09-03 05:30:00,"FRCH",1141.92904279139,2018-09-03,148.763333333333,NA,47.2166666666667,50.9733333333333,1141.92904279139
"98",2018-09-03 06:00:00,"FRCH",1124.85207418751,2018-09-03,149.328333333333,NA,47.5333333333333,41.03,1124.85207418751
"99",2018-09-03 06:30:00,"FRCH",1134.89734983689,2018-09-03,149.728333333333,NA,47.8333333333333,40.83,1134.89734983689
"100",2018-09-03 07:00:00,"FRCH",1130.87923957713,2018-09-03,150.335,NA,48.1333333333333,46.2166666666667,1130.87923957713
"101",2018-09-03 07:30:00,"FRCH",1118.82490879792,2018-09-03,151.231666666667,NA,48.45,45.46,1118.82490879792
"102",2018-09-03 08:00:00,"FRCH",1118.82490879792,2018-09-03,152.605,NA,48.7666666666667,42.6366666666667,1118.82490879792
"103",2018-09-03 08:30:00,"FRCH",1124.85207418751,2018-09-03,153.556666666667,NA,49.0333333333333,53.9966666666667,1124.85207418751
"104",2018-09-03 09:00:00,"FRCH",1117.82038123297,2018-09-03,154.418333333333,NA,49.3,43.5833333333333,1117.82038123297
"105",2018-09-03 09:30:00,"FRCH",1108.7796331486,2018-09-03,155.85,NA,49.6,41.935,1108.7796331486
"106",2018-09-03 10:00:00,"FRCH",1116.81585366809,2018-09-03,156.673333333333,NA,49.8666666666667,44.9916666666667,1116.81585366809
"107",2018-09-03 10:30:00,"FRCH",1105.76605045379,2018-09-03,157.01,NA,50.1166666666667,40.515,1105.76605045379
"108",2018-09-03 11:00:00,"FRCH",1106.77057801871,2018-09-03,157.55,NA,50.3666666666667,43.6016666666667,1106.77057801871
"109",2018-09-03 11:30:00,"FRCH",1098.73435749926,2018-09-03,156.995,NA,50.6,35.75,1098.73435749926
"110",2018-09-03 12:00:00,"FRCH",1086.68002672007,2018-09-03,158.951666666667,NA,50.8166666666667,37.74,1086.68002672007
"111",2018-09-03 12:30:00,"FRCH",1097.72982993434,2018-09-03,158.938333333333,NA,51.0666666666667,39.5783333333333,1097.72982993434
"112",2018-09-03 13:00:00,"FRCH",1092.70719210966,2018-09-03,158.833333333333,NA,51.3,38.2533333333333,1092.70719210966
"113",2018-09-03 13:30:00,"FRCH",1102.75246775898,2018-09-03,159.133333333333,NA,51.5,38.5216666666667,1102.75246775898
"114",2018-09-03 14:00:00,"FRCH",1092.70719210966,2018-09-03,159.425,NA,51.7166666666667,46.52,1092.70719210966
"115",2018-09-03 14:30:00,"FRCH",1085.67549915513,2018-09-03,159.526666666667,NA,51.9,41.195,1085.67549915513
"116",2018-09-03 15:00:00,"FRCH",1081.65738889537,2018-09-03,158.495,NA,52.1,38.0033333333333,1081.65738889537
"117",2018-09-03 15:30:00,"FRCH",1083.66644402524,2018-09-03,158.628333333333,NA,52.3,45.8033333333333,1083.66644402524
"118",2018-09-03 16:00:00,"FRCH",1087.68455428496,2018-09-04,158.845,NA,52.45,38.56,1087.68455428496
"119",2018-09-03 16:30:00,"FRCH",1077.63927863564,2018-09-04,158.425,NA,52.6,38.195,1077.63927863564
"120",2018-09-03 17:00:00,"FRCH",1078.64380620059,2018-09-04,158.213333333333,NA,52.7666666666667,41.1433333333333,1078.64380620059
"121",2018-09-03 17:30:00,"FRCH",1080.65286133045,2018-09-04,157.888333333333,NA,52.9,40.5483333333333,1080.65286133045
"122",2018-09-03 18:00:00,"FRCH",1078.64380620059,2018-09-04,157.275,NA,53.0166666666667,37.645,1078.64380620059
"123",2018-09-03 18:30:00,"FRCH",1072.61664081097,2018-09-04,157.336666666667,NA,53.1833333333333,40.4016666666667,1072.61664081097
"124",2018-09-03 19:00:00,"FRCH",1083.66644402524,2018-09-04,157.108333333333,NA,53.3166666666667,36.55,1083.66644402524
"125",2018-09-03 19:30:00,"FRCH",1049.5125068175,2018-09-04,156.438333333333,NA,53.4666666666667,36.0033333333333,1049.5125068175
"126",2018-09-03 20:00:00,"FRCH",1078.64380620059,2018-09-04,156.118333333333,NA,53.6,40.2566666666667,1078.64380620059
"127",2018-09-03 20:30:00,"FRCH",1058.5532549019,2018-09-04,154.731666666667,NA,53.7333333333333,39.735,1058.5532549019
"128",2018-09-03 21:00:00,"FRCH",1062.57136516165,2018-09-04,154.468333333333,NA,53.9,38.5633333333333,1062.57136516165
"129",2018-09-03 21:30:00,"FRCH",1077.63927863564,2018-09-04,154.36,NA,54.0166666666667,38.2816666666667,1077.63927863564
"130",2018-09-03 22:00:00,"FRCH",1055.53967220712,2018-09-04,153.525,NA,54.1666666666667,40.8633333333333,1055.53967220712
"131",2018-09-03 22:30:00,"FRCH",1069.60305811619,2018-09-04,152.645,NA,54.3,39.7883333333333,1069.60305811619
"132",2018-09-03 23:00:00,"FRCH",1056.54419977206,2018-09-04,151.655,NA,54.4333333333333,44.5466666666667,1056.54419977206
"133",2018-09-03 23:30:00,"FRCH",1062.57136516165,2018-09-04,151.323333333333,NA,54.6,39.505,1062.57136516165
"134",2018-09-04 00:00:00,"FRCH",1072.61664081097,2018-09-04,151.05,NA,54.7166666666667,62.5666666666667,1072.61664081097
"135",2018-09-04 00:30:00,"FRCH",1067.59400298633,2018-09-04,150.54,NA,54.8166666666667,39.99,1067.59400298633
"136",2018-09-04 01:00:00,"FRCH",1061.56683759671,2018-09-04,149.638333333333,NA,54.9,40.8766666666667,1061.56683759671
"137",2018-09-04 01:30:00,"FRCH",1044.48986899285,2018-09-04,148.75,NA,55,40.9233333333333,1044.48986899285
"138",2018-09-04 02:00:00,"FRCH",1057.54872733698,2018-09-04,148.79,NA,55.0666666666667,39.2083333333333,1057.54872733698
"139",2018-09-04 02:30:00,"FRCH",1057.54872733698,2018-09-04,147.92,NA,55.15,35.8666666666667,1057.54872733698
"140",2018-09-04 03:00:00,"FRCH",1055.53967220712,2018-09-04,147.798333333333,NA,55.2333333333333,34.4083333333333,1055.53967220712
"141",2018-09-04 03:30:00,"FRCH",1061.56683759671,2018-09-04,146.678333333333,NA,55.35,38.7683333333333,1061.56683759671
"142",2018-09-04 04:00:00,"FRCH",1053.53061707722,2018-09-04,147.208333333333,NA,55.4333333333333,46.73,1053.53061707722
"143",2018-09-04 04:30:00,"FRCH",1059.55778246684,2018-09-04,146.161666666667,NA,55.55,33.2316666666667,1059.55778246684
"144",2018-09-04 05:00:00,"FRCH",1045.49439655777,2018-09-04,144.978333333333,NA,55.6666666666667,34.8983333333333,1045.49439655777
"145",2018-09-04 05:30:00,"FRCH",1062.57136516165,2018-09-04,144.951666666667,NA,55.7333333333333,32.865,1062.57136516165
"146",2018-09-04 06:00:00,"FRCH",1059.55778246684,2018-09-04,145.141666666667,NA,55.8,35.0566666666667,1059.55778246684
"147",2018-09-04 06:30:00,"FRCH",1059.55778246684,2018-09-04,143.751666666667,NA,55.9,36.4933333333333,1059.55778246684
"148",2018-09-04 07:00:00,"FRCH",1055.53967220712,2018-09-04,143.295,NA,56.0166666666667,48.1783333333333,1055.53967220712
"149",2018-09-04 07:30:00,"FRCH",1067.59400298633,2018-09-04,144.25,NA,56.1166666666667,37.1283333333333,1067.59400298633
"150",2018-09-04 08:00:00,"FRCH",1056.54419977206,2018-09-04,143.275,NA,56.2,34.56,1056.54419977206
"151",2018-09-04 08:30:00,"FRCH",1046.49892412269,2018-09-04,143.936666666667,NA,56.3,32.45,1046.49892412269
"152",2018-09-04 09:00:00,"FRCH",1058.5532549019,2018-09-04,143.67,NA,56.4,36.2066666666667,1058.5532549019
"153",2018-09-04 09:30:00,"FRCH",1056.54419977206,2018-09-04,144.29,NA,56.5,34.6716666666667,1056.54419977206
"154",2018-09-04 10:00:00,"FRCH",1054.53514464217,2018-09-04,143.71,NA,56.6,36.2666666666667,1054.53514464217
"155",2018-09-04 10:30:00,"FRCH",1064.58042029149,2018-09-04,143.21,NA,56.6166666666667,36.9116666666667,1064.58042029149
"156",2018-09-04 11:00:00,"FRCH",1051.52156194739,2018-09-04,143.803333333333,NA,56.75,32.9533333333333,1051.52156194739
"157",2018-09-04 11:30:00,"FRCH",1053.53061707722,2018-09-04,142.333333333333,NA,56.8,39.05,1053.53061707722
"158",2018-09-04 12:00:00,"FRCH",1060.56231003176,2018-09-04,142.845,NA,56.9333333333333,28.5366666666667,1060.56231003176
"159",2018-09-04 12:30:00,"FRCH",1059.55778246684,2018-09-04,143.391666666667,NA,57,30.2533333333333,1059.55778246684
"160",2018-09-04 13:00:00,"FRCH",1058.5532549019,2018-09-04,142.823333333333,NA,57.05,31.7483333333333,1058.5532549019
"161",2018-09-04 13:30:00,"FRCH",1055.53967220712,2018-09-04,142.745,NA,57.1,52.69,1055.53967220712
"162",2018-09-04 14:00:00,"FRCH",1061.56683759671,2018-09-04,142.068333333333,NA,57.1833333333333,32.5083333333333,1061.56683759671
"163",2018-09-04 14:30:00,"FRCH",1070.60758568111,2018-09-04,141.916666666667,NA,57.2,31.7333333333333,1070.60758568111
"164",2018-09-04 15:00:00,"FRCH",1065.58494785643,2018-09-04,140.961666666667,NA,57.2333333333333,29.96,1065.58494785643
"165",2018-09-04 15:30:00,"FRCH",1057.54872733698,2018-09-04,141.535,NA,57.2833333333333,47.125,1057.54872733698
"166",2018-09-04 16:00:00,"FRCH",1068.59853055124,2018-09-05,140.295,NA,57.2833333333333,44.6633333333333,1068.59853055124
"167",2018-09-04 16:30:00,"FRCH",1062.57136516165,2018-09-05,141.168333333333,NA,57.3,31.7716666666667,1062.57136516165
"168",2018-09-04 17:00:00,"FRCH",1059.55778246684,2018-09-05,139.896666666667,NA,57.3,30.7266666666667,1059.55778246684
"169",2018-09-04 17:30:00,"FRCH",1049.5125068175,2018-09-05,139.94,NA,57.3166666666667,35.9733333333333,1049.5125068175
"170",2018-09-04 18:00:00,"FRCH",1058.5532549019,2018-09-05,139.505,NA,57.3166666666667,31.4983333333333,1058.5532549019
"171",2018-09-04 18:30:00,"FRCH",1051.52156194739,2018-09-05,138.855,NA,57.35,29.4916666666667,1051.52156194739
"172",2018-09-04 19:00:00,"FRCH",1050.51703438244,2018-09-05,137.833333333333,NA,57.4,43.2216666666667,1050.51703438244
"173",2018-09-04 19:30:00,"FRCH",1051.52156194739,2018-09-05,136.651666666667,NA,57.3666666666667,31.7583333333333,1051.52156194739
"174",2018-09-04 20:00:00,"FRCH",1044.48986899285,2018-09-05,137.503333333333,NA,57.4,31.51,1044.48986899285
"175",2018-09-04 20:30:00,"FRCH",1039.46723116818,2018-09-05,136.28,NA,57.4,27.7583333333333,1039.46723116818
"176",2018-09-04 21:00:00,"FRCH",1048.50797925258,2018-09-05,136.13,NA,57.4,33.395,1048.50797925258
"177",2018-09-04 21:30:00,"FRCH",1037.45817603832,2018-09-05,134.706666666667,NA,57.4166666666667,35.18,1037.45817603832
"178",2018-09-04 22:00:00,"FRCH",1049.5125068175,2018-09-05,134.17,NA,57.45,34.18,1049.5125068175
"179",2018-09-04 22:30:00,"FRCH",1028.41742795389,2018-09-05,134.131666666667,NA,57.45,29.6083333333333,1028.41742795389
"180",2018-09-04 23:00:00,"FRCH",1043.48534142791,2018-09-05,133.118333333333,NA,57.45,32.595,1043.48534142791
"181",2018-09-04 23:30:00,"FRCH",1038.46270360323,2018-09-05,133.093333333333,NA,57.5,37.4433333333333,1038.46270360323
"182",2018-09-05 00:00:00,"FRCH",1033.44006577859,2018-09-05,132.148333333333,NA,57.5,27.0366666666667,1033.44006577859
"183",2018-09-05 00:30:00,"FRCH",1034.44459334348,2018-09-05,131.855,NA,57.5166666666667,28.96,1034.44459334348
"184",2018-09-05 01:00:00,"FRCH",1038.46270360323,2018-09-05,131.48,NA,57.5833333333333,31.1216666666667,1038.46270360323
"185",2018-09-05 01:30:00,"FRCH",1038.46270360323,2018-09-05,129.095,NA,57.6,32.7233333333333,1038.46270360323
"186",2018-09-05 02:00:00,"FRCH",1029.42195551883,2018-09-05,130.456666666667,NA,57.6333333333333,28.8116666666667,1029.42195551883
"187",2018-09-05 02:30:00,"FRCH",1031.4310106487,2018-09-05,129.5,NA,57.65,30.7166666666667,1031.4310106487
"188",2018-09-05 03:00:00,"FRCH",1025.4038452591,2018-09-05,129.605,NA,57.7,28.3433333333333,1025.4038452591
"189",2018-09-05 03:30:00,"FRCH",1023.39479012921,2018-09-05,128.731666666667,NA,57.7,28.1766666666667,1023.39479012921
"190",2018-09-05 04:00:00,"FRCH",1028.41742795389,2018-09-05,128.65,NA,57.7333333333333,36.9,1028.41742795389
"191",2018-09-05 04:30:00,"FRCH",1028.41742795389,2018-09-05,128.27,NA,57.7333333333333,31.4533333333333,1028.41742795389
"192",2018-09-05 05:00:00,"FRCH",1027.41290038897,2018-09-05,127.438333333333,NA,57.7666666666667,39.8183333333333,1027.41290038897
"193",2018-09-05 05:30:00,"FRCH",1023.39479012921,2018-09-05,126.381666666667,NA,57.75,30.635,1023.39479012921
"194",2018-09-05 06:00:00,"FRCH",1024.39931769416,2018-09-05,125.036666666667,NA,57.7666666666667,27.62,1024.39931769416
"195",2018-09-05 06:30:00,"FRCH",1026.40837282402,2018-09-05,125.785,NA,57.8,26.9216666666667,1026.40837282402
"196",2018-09-05 07:00:00,"FRCH",1017.36762473962,2018-09-05,125.143333333333,NA,57.8,29.5966666666667,1017.36762473962
"197",2018-09-05 07:30:00,"FRCH",1022.39026256429,2018-09-05,125.168333333333,NA,57.8166666666667,26.1883333333333,1022.39026256429
"198",2018-09-05 08:00:00,"FRCH",1026.40837282402,2018-09-05,125.053333333333,NA,57.9,34.655,1026.40837282402
"199",2018-09-05 08:30:00,"FRCH",1014.35404204484,2018-09-05,125.118333333333,NA,57.9166666666667,28.2566666666667,1014.35404204484
"200",2018-09-05 09:00:00,"FRCH",1014.35404204484,2018-09-05,125.623333333333,NA,57.9666666666667,29.665,1014.35404204484
"201",2018-09-05 09:30:00,"FRCH",1019.37667986949,2018-09-05,125.818333333333,NA,58.0333333333333,28.4466666666667,1019.37667986949
"202",2018-09-05 10:00:00,"FRCH",1016.36309717468,2018-09-05,125.44,NA,58.1,29.1783333333333,1016.36309717468
"203",2018-09-05 10:30:00,"FRCH",1008.32687665522,2018-09-05,125.516666666667,NA,58.15,30.26,1008.32687665522
"204",2018-09-05 11:00:00,"FRCH",1006.31782152536,2018-09-05,125.97,NA,58.2,27.0316666666667,1006.31782152536
"205",2018-09-05 11:30:00,"FRCH",1007.32234909027,2018-09-05,125.865,NA,58.2666666666667,30.9783333333333,1007.32234909027
"206",2018-09-05 12:00:00,"FRCH",1006.31782152536,2018-09-05,125.188333333333,NA,58.3166666666667,27.8366666666667,1006.31782152536
"207",2018-09-05 12:30:00,"FRCH",1012.34498691495,2018-09-05,126.413333333333,NA,58.4,26.755,1012.34498691495
"208",2018-09-05 13:00:00,"FRCH",1001.29518370068,2018-09-05,126.195,NA,58.5,30.94,1001.29518370068
"209",2018-09-05 13:30:00,"FRCH",1007.32234909027,2018-09-05,126.64,NA,58.5,32.17,1007.32234909027
"210",2018-09-05 14:00:00,"FRCH",1010.33593178508,2018-09-05,126.255,NA,58.6,26.9566666666667,1010.33593178508
"211",2018-09-05 14:30:00,"FRCH",1006.31782152536,2018-09-05,126.191666666667,NA,58.6166666666667,30.265,1006.31782152536
"212",2018-09-05 15:00:00,"FRCH",1007.32234909027,2018-09-05,126.136666666667,NA,58.7,29.8433333333333,1007.32234909027
"213",2018-09-05 15:30:00,"FRCH",1017.36762473962,2018-09-05,126.106666666667,NA,58.7166666666667,30.8966666666667,1017.36762473962
"214",2018-09-05 16:00:00,"FRCH",1001.29518370068,2018-09-06,125.848333333333,NA,58.8,30.2816666666667,1001.29518370068
"215",2018-09-05 16:30:00,"FRCH",1009.33140422017,2018-09-06,125.138333333333,NA,58.8333333333333,26.9183333333333,1009.33140422017
"216",2018-09-05 17:00:00,"FRCH",998.281601005874,2018-09-06,124.968333333333,NA,58.9,34.2566666666667,998.281601005874
"217",2018-09-05 17:30:00,"FRCH",1005.31329396041,2018-09-06,125.771666666667,NA,58.95,24.1516666666667,1005.31329396041
"218",2018-09-05 18:00:00,"FRCH",1003.30423883058,2018-09-06,124.615,NA,59.0166666666667,32.1216666666667,1003.30423883058
"219",2018-09-05 18:30:00,"FRCH",1000.29065613574,2018-09-06,124.841666666667,NA,59.1,27.3183333333333,1000.29065613574
"220",2018-09-05 19:00:00,"FRCH",993.258963181201,2018-09-06,124.266666666667,NA,59.2,30.43,993.258963181201
"221",2018-09-05 19:30:00,"FRCH",1003.30423883058,2018-09-06,123.726666666667,NA,59.2833333333333,26.9366666666667,1003.30423883058
"222",2018-09-05 20:00:00,"FRCH",1004.30876639546,2018-09-06,123.358333333333,NA,59.3666666666667,26.5183333333333,1004.30876639546
"223",2018-09-05 20:30:00,"FRCH",997.277073440957,2018-09-06,122.8,NA,59.4,29.99,997.277073440957
"224",2018-09-05 21:00:00,"FRCH",1010.33593178508,2018-09-06,122.461666666667,NA,59.5,31.4933333333333,1010.33593178508
"225",2018-09-05 21:30:00,"FRCH",999.28612857082,2018-09-06,122,NA,59.5666666666667,29.8566666666667,999.28612857082
"226",2018-09-05 22:00:00,"FRCH",1011.34045935,2018-09-06,121.096666666667,NA,59.6333333333333,27.515,1011.34045935
"227",2018-09-05 22:30:00,"FRCH",999.28612857082,2018-09-06,120.998333333333,NA,59.7,35.8633333333333,999.28612857082
"228",2018-09-05 23:00:00,"FRCH",996.272545876011,2018-09-06,120.621666666667,NA,59.7666666666667,24.9933333333333,996.272545876011
"229",2018-09-05 23:30:00,"FRCH",994.263490746147,2018-09-06,116.74,NA,59.8166666666667,25.8116666666667,994.263490746147
"230",2018-09-06 00:00:00,"FRCH",998.281601005874,2018-09-06,118.863333333333,NA,59.8333333333333,28.4016666666667,998.281601005874
"231",2018-09-06 00:30:00,"FRCH",995.268018311093,2018-09-06,118.408333333333,NA,59.85,26.0333333333333,995.268018311093
"232",2018-09-06 01:00:00,"FRCH",1000.29065613574,2018-09-06,118.615,NA,59.9,26.4433333333333,1000.29065613574
"233",2018-09-06 01:30:00,"FRCH",1006.31782152536,2018-09-06,117.968333333333,NA,59.9333333333333,33.0733333333333,1006.31782152536
"234",2018-09-06 02:00:00,"FRCH",1004.30876639546,2018-09-06,117.486666666667,NA,60,31.0066666666667,1004.30876639546
"235",2018-09-06 02:30:00,"FRCH",1005.31329396041,2018-09-06,117.495,NA,60.0333333333333,30.5433333333333,1005.31329396041
"236",2018-09-06 03:00:00,"FRCH",1001.29518370068,2018-09-06,116.255,NA,60.0666666666667,30.835,1001.29518370068
"237",2018-09-06 03:30:00,"FRCH",1003.30423883058,2018-09-06,116.358333333333,NA,60.1,28.6,1003.30423883058
"238",2018-09-06 04:00:00,"FRCH",1012.34498691495,2018-09-06,116.666666666667,NA,60.1666666666667,29.3583333333333,1012.34498691495
"239",2018-09-06 04:30:00,"FRCH",1008.32687665522,2018-09-06,116.185,NA,60.2166666666667,26.05,1008.32687665522
"240",2018-09-06 05:00:00,"FRCH",1001.29518370068,2018-09-06,115.976666666667,NA,60.3,32.4616666666667,1001.29518370068
"241",2018-09-06 05:30:00,"FRCH",1014.35404204484,2018-09-06,115.765,NA,60.3,31.555,1014.35404204484
"242",2018-09-06 06:00:00,"FRCH",1006.31782152536,2018-09-06,114.981666666667,NA,60.3333333333333,30.0216666666667,1006.31782152536
"243",2018-09-06 06:30:00,"FRCH",1002.29971126563,2018-09-06,114.34,NA,60.35,29.935,1002.29971126563
"244",2018-09-06 07:00:00,"FRCH",1006.31782152536,2018-09-06,114.6,NA,60.3833333333333,28.295,1006.31782152536
"245",2018-09-06 07:30:00,"FRCH",1005.31329396041,2018-09-06,114.651666666667,NA,60.4,28.4783333333333,1005.31329396041
"246",2018-09-06 08:00:00,"FRCH",1010.33593178508,2018-09-06,115.336666666667,NA,60.5,24.9583333333333,1010.33593178508
"247",2018-09-06 08:30:00,"FRCH",1005.31329396041,2018-09-06,114.788333333333,NA,60.6,29.5316666666667,1005.31329396041
"248",2018-09-06 09:00:00,"FRCH",1003.30423883058,2018-09-06,114.94,NA,60.65,27.1233333333333,1003.30423883058
"249",2018-09-06 09:30:00,"FRCH",982.209159966937,2018-09-06,114.776666666667,NA,60.7,27.4916666666667,982.209159966937
"250",2018-09-06 10:00:00,"FRCH",1001.29518370068,2018-09-06,114.903333333333,NA,60.7166666666667,28.8666666666667,1001.29518370068
"251",2018-09-06 10:30:00,"FRCH",993.258963181201,2018-09-06,115.478333333333,NA,60.7666666666667,24.0866666666667,993.258963181201
"252",2018-09-06 11:00:00,"FRCH",992.254435616254,2018-09-06,115.688333333333,NA,60.8166666666667,28.1316666666667,992.254435616254
"253",2018-09-06 11:30:00,"FRCH",992.254435616254,2018-09-06,115.708333333333,NA,60.85,27.9383333333333,992.254435616254
"254",2018-09-06 12:00:00,"FRCH",993.258963181201,2018-09-06,115.953333333333,NA,60.9,24.3016666666667,993.258963181201
"255",2018-09-06 12:30:00,"FRCH",988.236325356556,2018-09-06,115.806666666667,NA,60.9666666666667,25.98,988.236325356556
"256",2018-09-06 13:00:00,"FRCH",999.28612857082,2018-09-06,115.328333333333,NA,60.9666666666667,46.2516666666667,999.28612857082
"257",2018-09-06 13:30:00,"FRCH",980.200104837073,2018-09-06,115.75,NA,60.9333333333333,27.0366666666667,980.200104837073
"258",2018-09-06 14:00:00,"FRCH",983.213687531883,2018-09-06,116.43,NA,60.9666666666667,27.2083333333333,983.213687531883
"259",2018-09-06 14:30:00,"FRCH",984.218215096829,2018-09-06,116.43,NA,61,28.5116666666667,984.218215096829
"260",2018-09-06 15:00:00,"FRCH",981.20463240199,2018-09-06,116.393333333333,NA,61,27.1333333333333,981.20463240199
"261",2018-09-06 15:30:00,"FRCH",995.268018311093,2018-09-06,116.6,NA,61,27.1266666666667,995.268018311093
"262",2018-09-06 16:00:00,"FRCH",977.186522142263,2018-09-07,116.41,NA,61,27.7316666666667,977.186522142263
"263",2018-09-06 16:30:00,"FRCH",981.20463240199,2018-09-07,116.175,NA,61,25.7333333333333,981.20463240199
"264",2018-09-06 17:00:00,"FRCH",980.200104837073,2018-09-07,115.818333333333,NA,61,22.73,980.200104837073
"265",2018-09-06 17:30:00,"FRCH",985.222742661746,2018-09-07,115.675,NA,61,29.9,985.222742661746
"266",2018-09-06 18:00:00,"FRCH",974.172939447453,2018-09-07,114.546666666667,NA,60.95,23.2633333333333,974.172939447453
"267",2018-09-06 18:30:00,"FRCH",980.200104837073,2018-09-07,115.101666666667,NA,60.95,23.1983333333333,980.200104837073
"268",2018-09-06 19:00:00,"FRCH",977.186522142263,2018-09-07,114.648333333333,NA,60.9333333333333,27.2483333333333,977.186522142263
"269",2018-09-06 19:30:00,"FRCH",979.195577272156,2018-09-07,114.8,NA,60.9833333333333,26.0716666666667,979.195577272156
"270",2018-09-06 20:00:00,"FRCH",979.195577272156,2018-09-07,114.401666666667,NA,61,29.8233333333333,979.195577272156
"271",2018-09-06 20:30:00,"FRCH",973.168411882565,2018-09-07,113.78,NA,61,25.81,973.168411882565
"272",2018-09-06 21:00:00,"FRCH",963.123136233189,2018-09-07,113.68,NA,61,25.59,963.123136233189
"273",2018-09-06 21:30:00,"FRCH",965.132191363082,2018-09-07,113.455,NA,61,26.3016666666667,965.132191363082
"274",2018-09-06 22:00:00,"FRCH",971.159356752672,2018-09-07,113.08,NA,61.0166666666667,25.5783333333333,971.159356752672
"275",2018-09-06 22:30:00,"FRCH",960.109553538408,2018-09-07,112.696666666667,NA,61,27.8933333333333,960.109553538408
"276",2018-09-06 23:00:00,"FRCH",960.109553538408,2018-09-07,112.245,NA,61,26.8983333333333,960.109553538408
"277",2018-09-06 23:30:00,"FRCH",970.154829187726,2018-09-07,111.8,NA,61.0333333333333,41.0566666666667,970.154829187726
"278",2018-09-07 00:00:00,"FRCH",953.077860583871,2018-09-07,112.025,NA,61.0666666666667,23.9883333333333,953.077860583871
"279",2018-09-07 00:30:00,"FRCH",955.086915713735,2018-09-07,111.561666666667,NA,61.0666666666667,28.9666666666667,955.086915713735
"280",2018-09-07 01:00:00,"FRCH",956.091443278652,2018-09-07,111.131666666667,NA,61.1,27.23,956.091443278652
"281",2018-09-07 01:30:00,"FRCH",962.118608668243,2018-09-07,111.126666666667,NA,61.1,24.3966666666667,962.118608668243
"282",2018-09-07 02:00:00,"FRCH",959.105025973462,2018-09-07,111.726666666667,NA,61.1166666666667,27.0883333333333,959.105025973462
"283",2018-09-07 02:30:00,"FRCH",960.109553538408,2018-09-07,111.211666666667,NA,61.15,25.3933333333333,960.109553538408
"284",2018-09-07 03:00:00,"FRCH",961.114081103355,2018-09-07,111.116666666667,NA,61.1833333333333,28.3583333333333,961.114081103355
"285",2018-09-07 03:30:00,"FRCH",963.123136233189,2018-09-07,110.698333333333,NA,61.2,28.6066666666667,963.123136233189
"286",2018-09-07 04:00:00,"FRCH",958.100498408516,2018-09-07,110.403333333333,NA,61.2333333333333,33.1216666666667,958.100498408516
"287",2018-09-07 04:30:00,"FRCH",961.114081103355,2018-09-07,110.083333333333,NA,61.3,27.9866666666667,961.114081103355
"288",2018-09-07 05:00:00,"FRCH",958.100498408516,2018-09-07,110.103333333333,NA,61.3166666666667,26.8166666666667,958.100498408516
"289",2018-09-07 05:30:00,"FRCH",956.091443278652,2018-09-07,109.63,NA,61.3666666666667,35.5216666666667,956.091443278652
"290",2018-09-07 06:00:00,"FRCH",959.105025973462,2018-09-07,109.6,NA,61.4,35.96,959.105025973462
"291",2018-09-07 06:30:00,"FRCH",948.055222759198,2018-09-07,109.215,NA,61.5,26.6783333333333,948.055222759198
"292",2018-09-07 07:00:00,"FRCH",944.037112499471,2018-09-07,109.886666666667,NA,61.5166666666667,26.345,944.037112499471
"293",2018-09-07 07:30:00,"FRCH",938.00994710988,2018-09-07,110.376666666667,NA,61.5666666666667,27.18,938.00994710988
"294",2018-09-07 08:00:00,"FRCH",944.037112499471,2018-09-07,110.003333333333,NA,61.6333333333333,28.825,944.037112499471
"295",2018-09-07 08:30:00,"FRCH",940.019002239715,2018-09-07,110.613333333333,NA,61.7,27.695,940.019002239715
"296",2018-09-07 09:00:00,"FRCH",940.019002239715,2018-09-07,110.813333333333,NA,61.7666666666667,26.3083333333333,940.019002239715
"297",2018-09-07 09:30:00,"FRCH",930.978254155343,2018-09-07,110.655,NA,61.8,26.8666666666667,930.978254155343
"298",2018-09-07 10:00:00,"FRCH",927.964671460504,2018-09-07,111.303333333333,NA,61.8666666666667,21.665,927.964671460504
"299",2018-09-07 10:30:00,"FRCH",923.946561200777,2018-09-07,110.993333333333,NA,61.9,24.6016666666667,923.946561200777
"300",2018-09-07 11:00:00,"FRCH",930.978254155343,2018-09-07,111.571666666667,NA,61.9666666666667,26.1716666666667,930.978254155343
"301",2018-09-07 11:30:00,"FRCH",927.964671460504,2018-09-07,111.453333333333,NA,62.0166666666667,30.01,927.964671460504
"302",2018-09-07 12:00:00,"FRCH",926.960143895587,2018-09-07,111.295,NA,62.0833333333333,25.29,926.960143895587
"303",2018-09-07 12:30:00,"FRCH",926.960143895587,2018-09-07,111.803333333333,NA,62.1,24.55,926.960143895587
"304",2018-09-07 13:00:00,"FRCH",930.978254155343,2018-09-07,111.331666666667,NA,62.1333333333333,23.5916666666667,930.978254155343
"305",2018-09-07 13:30:00,"FRCH",926.960143895587,2018-09-07,111.448333333333,NA,62.1333333333333,24.7316666666667,926.960143895587
"306",2018-09-07 14:00:00,"FRCH",922.94203363586,2018-09-07,111.241666666667,NA,62.1333333333333,23.5483333333333,922.94203363586
"307",2018-09-07 14:30:00,"FRCH",926.960143895587,2018-09-07,111.47,NA,62.1666666666667,25.6516666666667,926.960143895587
"308",2018-09-07 15:00:00,"FRCH",927.964671460504,2018-09-07,110.726666666667,NA,62.2,30.9016666666667,927.964671460504
"309",2018-09-07 15:30:00,"FRCH",917.919395811186,2018-09-07,111.275,NA,62.2,23.2683333333333,917.919395811186
"310",2018-09-07 16:00:00,"FRCH",924.951088765723,2018-09-08,110.615,NA,62.2166666666667,24.825,924.951088765723
"311",2018-09-07 16:30:00,"FRCH",919.928450941079,2018-09-08,110.668333333333,NA,62.2666666666667,25.0516666666667,919.928450941079
"312",2018-09-07 17:00:00,"FRCH",921.937506070914,2018-09-08,110.245,NA,62.3,21.005,921.937506070914
"313",2018-09-07 17:30:00,"FRCH",915.910340681323,2018-09-08,109.09,NA,62.3,29.3916666666667,915.910340681323
"314",2018-09-07 18:00:00,"FRCH",914.905813116377,2018-09-08,108.795,NA,62.3166666666667,27.6716666666667,914.905813116377
"315",2018-09-07 18:30:00,"FRCH",918.923923376133,2018-09-08,109.86,NA,62.3,23.2633333333333,918.923923376133
"316",2018-09-07 19:00:00,"FRCH",912.896757986513,2018-09-08,109.246666666667,NA,62.3333333333333,23.8066666666667,912.896757986513
"317",2018-09-07 19:30:00,"FRCH",910.887702856649,2018-09-08,109.288333333333,NA,62.35,24.465,910.887702856649
"318",2018-09-07 20:00:00,"FRCH",918.923923376133,2018-09-08,108.996666666667,NA,62.4,25.3566666666667,918.923923376133
"319",2018-09-07 20:30:00,"FRCH",909.883175291703,2018-09-08,108.193333333333,NA,62.4,27.1,909.883175291703
"320",2018-09-07 21:00:00,"FRCH",916.91486824624,2018-09-08,107.601666666667,NA,62.45,26.7316666666667,916.91486824624
"321",2018-09-07 21:30:00,"FRCH",917.919395811186,2018-09-08,107.648333333333,NA,62.5,22.6366666666667,917.919395811186
"322",2018-09-07 22:00:00,"FRCH",909.883175291703,2018-09-08,107.405,NA,62.5,25.8266666666667,909.883175291703
"323",2018-09-07 22:30:00,"FRCH",914.905813116377,2018-09-08,107.213333333333,NA,62.5333333333333,25.13,914.905813116377
"324",2018-09-07 23:00:00,"FRCH",922.94203363586,2018-09-08,107.023333333333,NA,62.5666666666667,28.415,922.94203363586
"325",2018-09-07 23:30:00,"FRCH",911.892230421596,2018-09-08,106.723333333333,NA,62.6,26.7533333333333,911.892230421596
"326",2018-09-08 00:00:00,"FRCH",922.94203363586,2018-09-08,106.458333333333,NA,62.6,26.3583333333333,922.94203363586
"327",2018-09-08 00:30:00,"FRCH",905.865065031976,2018-09-08,106.058333333333,NA,62.6166666666667,21.9716666666667,905.865065031976
"328",2018-09-08 01:00:00,"FRCH",916.91486824624,2018-09-08,106.041666666667,NA,62.6833333333333,22.53,916.91486824624
"329",2018-09-08 01:30:00,"FRCH",913.901285551459,2018-09-08,105.416666666667,NA,62.7,28.9166666666667,913.901285551459
"330",2018-09-08 02:00:00,"FRCH",917.919395811186,2018-09-08,105.295,NA,62.7333333333333,22.49,917.919395811186
"331",2018-09-08 02:30:00,"FRCH",913.901285551459,2018-09-08,105.365,NA,62.8,23.3233333333333,913.901285551459
"332",2018-09-08 03:00:00,"FRCH",911.892230421596,2018-09-08,105.045,NA,62.8,24.6883333333333,911.892230421596
"333",2018-09-08 03:30:00,"FRCH",915.910340681323,2018-09-08,104.626666666667,NA,62.8333333333333,27.4683333333333,915.910340681323
"334",2018-09-08 04:00:00,"FRCH",916.91486824624,2018-09-08,104.433333333333,NA,62.9,23.14,916.91486824624
"335",2018-09-08 04:30:00,"FRCH",908.878647726757,2018-09-08,104.381666666667,NA,62.9,24.375,908.878647726757
"336",2018-09-08 05:00:00,"FRCH",910.887702856649,2018-09-08,103.978333333333,NA,62.95,27.1733333333333,910.887702856649
"337",2018-09-08 05:30:00,"FRCH",904.860537467059,2018-09-08,104.216666666667,NA,63,24.1683333333333,904.860537467059
"338",2018-09-08 06:00:00,"FRCH",900.842427207332,2018-09-08,103.591666666667,NA,63,25.28,900.842427207332
"339",2018-09-08 06:30:00,"FRCH",906.869592596922,2018-09-08,103.671666666667,NA,63.0666666666667,35.7266666666667,906.869592596922
"340",2018-09-08 07:00:00,"FRCH",899.837899642385,2018-09-08,104.143333333333,NA,63.1333333333333,25.235,899.837899642385
"341",2018-09-08 07:30:00,"FRCH",904.860537467059,2018-09-08,103.988333333333,NA,63.1833333333333,22.9783333333333,904.860537467059
"342",2018-09-08 08:00:00,"FRCH",899.837899642385,2018-09-08,104.246666666667,NA,63.2,23.66,899.837899642385
"343",2018-09-08 08:30:00,"FRCH",900.842427207332,2018-09-08,103.373333333333,NA,63.25,32.6366666666667,900.842427207332
"344",2018-09-08 09:00:00,"FRCH",893.810734252766,2018-09-08,104.546666666667,NA,63.3166666666667,23.035,893.810734252766
"345",2018-09-08 09:30:00,"FRCH",900.842427207332,2018-09-08,104.87,NA,63.35,20.8083333333333,900.842427207332
"346",2018-09-08 10:00:00,"FRCH",895.819789382658,2018-09-08,104.368333333333,NA,63.4,28.3683333333333,895.819789382658
"347",2018-09-08 10:30:00,"FRCH",901.846954772249,2018-09-08,104.778333333333,NA,63.4666666666667,21.5483333333333,901.846954772249
"348",2018-09-08 11:00:00,"FRCH",892.806206687848,2018-09-08,104.645,NA,63.5,24.8866666666667,892.806206687848
"349",2018-09-08 11:30:00,"FRCH",891.801679122902,2018-09-08,105.643333333333,NA,63.5333333333333,18.44,891.801679122902
"350",2018-09-08 12:00:00,"FRCH",894.815261817712,2018-09-08,105.105,NA,63.6,21.1783333333333,894.815261817712
"351",2018-09-08 12:30:00,"FRCH",894.815261817712,2018-09-08,105.08,NA,63.6,21.3066666666667,894.815261817712
"352",2018-09-08 13:00:00,"FRCH",890.797151557956,2018-09-08,104.885,NA,63.6333333333333,22.6166666666667,890.797151557956
"353",2018-09-08 13:30:00,"FRCH",890.797151557956,2018-09-08,104.851666666667,NA,63.65,23.64,890.797151557956
"354",2018-09-08 14:00:00,"FRCH",890.797151557956,2018-09-08,104.455,NA,63.7,26.26,890.797151557956
"355",2018-09-08 14:30:00,"FRCH",892.806206687848,2018-09-08,104.22,NA,63.7,20.165,892.806206687848
"356",2018-09-08 15:00:00,"FRCH",888.788096428121,2018-09-08,104.193333333333,NA,63.75,19.87,888.788096428121
"357",2018-09-08 15:30:00,"FRCH",894.815261817712,2018-09-08,103.915,NA,63.7833333333333,25.3216666666667,894.815261817712
"358",2018-09-08 16:00:00,"FRCH",884.769986168365,2018-09-09,103.923333333333,NA,63.8,21.5066666666667,884.769986168365
"359",2018-09-08 16:30:00,"FRCH",889.792623993068,2018-09-09,103.62,NA,63.8,21.835,889.792623993068
"360",2018-09-08 17:00:00,"FRCH",889.792623993068,2018-09-09,103.426666666667,NA,63.8166666666667,20.4516666666667,889.792623993068
"361",2018-09-08 17:30:00,"FRCH",895.819789382658,2018-09-09,102.851666666667,NA,63.8666666666667,18.465,895.819789382658
"362",2018-09-08 18:00:00,"FRCH",889.792623993068,2018-09-09,103.25,NA,63.9,20.7483333333333,889.792623993068
"363",2018-09-08 18:30:00,"FRCH",889.792623993068,2018-09-09,102.941666666667,NA,63.9166666666667,20.725,889.792623993068
"364",2018-09-08 19:00:00,"FRCH",893.810734252766,2018-09-09,102.656666666667,NA,63.9333333333333,19.9883333333333,893.810734252766
"365",2018-09-08 19:30:00,"FRCH",885.774513733311,2018-09-09,102.365,NA,63.95,24.765,885.774513733311
"366",2018-09-08 20:00:00,"FRCH",884.769986168365,2018-09-09,101.548333333333,NA,63.9833333333333,23.5833333333333,884.769986168365
"367",2018-09-08 20:30:00,"FRCH",889.792623993068,2018-09-09,101.503333333333,NA,64,19.0516666666667,889.792623993068
"368",2018-09-08 21:00:00,"FRCH",882.760931038501,2018-09-09,100.74,NA,64.0333333333333,23.87,882.760931038501
"369",2018-09-08 21:30:00,"FRCH",886.779041298229,2018-09-09,100.498333333333,NA,64.05,25.7916666666667,886.779041298229
"370",2018-09-08 22:00:00,"FRCH",885.774513733311,2018-09-09,99.26,NA,64.1,21.2516666666667,885.774513733311
"371",2018-09-08 22:30:00,"FRCH",884.769986168365,2018-09-09,100.258333333333,NA,64.1,22.1183333333333,884.769986168365
"372",2018-09-08 23:00:00,"FRCH",882.760931038501,2018-09-09,100.233333333333,NA,64.15,19.49,882.760931038501
"373",2018-09-08 23:30:00,"FRCH",884.769986168365,2018-09-09,99.7316666666667,NA,64.1666666666667,28.8083333333333,884.769986168365
"374",2018-09-09 00:00:00,"FRCH",881.756403473584,2018-09-09,99.1616666666667,NA,64.2,19.94,881.756403473584
"375",2018-09-09 00:30:00,"FRCH",877.738293213857,2018-09-09,99.3083333333333,NA,64.2,23.7766666666667,877.738293213857
"376",2018-09-09 01:00:00,"FRCH",887.783568863175,2018-09-09,98.955,NA,64.2333333333333,22.89,887.783568863175
"377",2018-09-09 01:30:00,"FRCH",892.806206687848,2018-09-09,98.9483333333333,NA,64.2333333333333,24.1916666666667,892.806206687848
"378",2018-09-09 02:00:00,"FRCH",880.751875908638,2018-09-09,98.2416666666667,NA,64.3166666666667,21.255,880.751875908638
"379",2018-09-09 02:30:00,"FRCH",881.756403473584,2018-09-09,97.9266666666667,NA,64.35,27.9566666666667,881.756403473584
"380",2018-09-09 03:00:00,"FRCH",883.765458603448,2018-09-09,98.4683333333333,NA,64.4,22.2016666666667,883.765458603448
"381",2018-09-09 03:30:00,"FRCH",878.742820778745,2018-09-09,98.31,NA,64.4,24.0383333333333,878.742820778745
"382",2018-09-09 04:00:00,"FRCH",877.738293213857,2018-09-09,97.7783333333333,NA,64.4333333333333,25.175,877.738293213857
"383",2018-09-09 04:30:00,"FRCH",880.751875908638,2018-09-09,97.855,NA,64.4666666666667,21.015,880.751875908638
"384",2018-09-09 05:00:00,"FRCH",872.715655389155,2018-09-09,97.7833333333333,NA,64.5,22.9183333333333,872.715655389155
"385",2018-09-09 05:30:00,"FRCH",880.751875908638,2018-09-09,97.4983333333333,NA,64.5,20.4566666666667,880.751875908638
"386",2018-09-09 06:00:00,"FRCH",876.733765648911,2018-09-09,97.6116666666667,NA,64.55,19.87,876.733765648911
"387",2018-09-09 06:30:00,"FRCH",875.729238083964,2018-09-09,97.3216666666667,NA,64.6,22.6983333333333,875.729238083964
"388",2018-09-09 07:00:00,"FRCH",877.738293213857,2018-09-09,97.7566666666667,NA,64.6333333333333,19.8266666666667,877.738293213857
"389",2018-09-09 07:30:00,"FRCH",880.751875908638,2018-09-09,97.7716666666667,NA,64.6833333333333,21.4516666666667,880.751875908638
"390",2018-09-09 08:00:00,"FRCH",872.715655389155,2018-09-09,98.1066666666667,NA,64.7333333333333,19.7733333333333,872.715655389155
"391",2018-09-09 08:30:00,"FRCH",877.738293213857,2018-09-09,98.325,NA,64.7666666666667,18.435,877.738293213857
"392",2018-09-09 09:00:00,"FRCH",871.711127824237,2018-09-09,98.4983333333333,NA,64.8,18.7916666666667,871.711127824237
"393",2018-09-09 09:30:00,"FRCH",864.6794348697,2018-09-09,98.2733333333333,NA,64.85,17.2633333333333,864.6794348697
"394",2018-09-09 10:00:00,"FRCH",869.702072694374,2018-09-09,97.9516666666667,NA,64.9,20.8683333333333,869.702072694374
"395",2018-09-09 10:30:00,"FRCH",879.747348343692,2018-09-09,98.7616666666667,NA,64.9,18.655,879.747348343692
"396",2018-09-09 11:00:00,"FRCH",861.66585217489,2018-09-09,98.7016666666667,NA,64.9333333333333,17.51,861.66585217489
"397",2018-09-09 11:30:00,"FRCH",856.643214350217,2018-09-09,98.53,NA,64.9666666666667,21.4383333333333,856.643214350217
"398",2018-09-09 12:00:00,"FRCH",866.688489999564,2018-09-09,98.4033333333333,NA,65,18.655,866.688489999564
"399",2018-09-09 12:30:00,"FRCH",865.683962434647,2018-09-09,98.5333333333333,NA,65.0166666666667,20.065,865.683962434647
"400",2018-09-09 13:00:00,"FRCH",859.656797045027,2018-09-09,98.2083333333333,NA,65.05,24.9716666666667,859.656797045027
"401",2018-09-09 13:30:00,"FRCH",854.634159220353,2018-09-09,98.2433333333333,NA,65.1,18.2166666666667,854.634159220353
"402",2018-09-09 14:00:00,"FRCH",860.661324609944,2018-09-09,98.1966666666667,NA,65.1,20.81,860.661324609944
"403",2018-09-09 14:30:00,"FRCH",863.674907304754,2018-09-09,98.1166666666667,NA,65.1333333333333,17.8666666666667,863.674907304754
"404",2018-09-09 15:00:00,"FRCH",862.670379739837,2018-09-09,97.995,NA,65.1833333333333,17.0216666666667,862.670379739837
"405",2018-09-09 15:30:00,"FRCH",862.670379739837,2018-09-09,97.3,NA,65.2,17.9866666666667,862.670379739837
"406",2018-09-09 16:00:00,"FRCH",863.674907304754,2018-09-10,97.42,NA,65.2,15.945,863.674907304754
"407",2018-09-09 16:30:00,"FRCH",866.688489999564,2018-09-10,96.8316666666667,NA,65.2,18.8383333333333,866.688489999564
"408",2018-09-09 17:00:00,"FRCH",865.683962434647,2018-09-10,96.9516666666667,NA,65.2,22.465,865.683962434647
"409",2018-09-09 17:30:00,"FRCH",864.6794348697,2018-09-10,96.6483333333333,NA,65.2,17.235,864.6794348697
"410",2018-09-09 18:00:00,"FRCH",864.6794348697,2018-09-10,96.4666666666667,NA,65.2,16.975,864.6794348697
"411",2018-09-09 18:30:00,"FRCH",859.656797045027,2018-09-10,96.1583333333333,NA,65.2,25.49,859.656797045027
"412",2018-09-09 19:00:00,"FRCH",866.688489999564,2018-09-10,96.1033333333333,NA,65.2,16.8416666666667,866.688489999564
"413",2018-09-09 19:30:00,"FRCH",865.683962434647,2018-09-10,95.9533333333333,NA,65.2,16.5266666666667,865.683962434647
"414",2018-09-09 20:00:00,"FRCH",861.66585217489,2018-09-10,95.4133333333333,NA,65.2,20.25,861.66585217489
"415",2018-09-09 20:30:00,"FRCH",873.720182954101,2018-09-10,94.9216666666667,NA,65.2,20.9433333333333,873.720182954101
"416",2018-09-09 21:00:00,"FRCH",856.643214350217,2018-09-10,94.82,NA,65.1833333333333,18.28,856.643214350217
"417",2018-09-09 21:30:00,"FRCH",854.634159220353,2018-09-10,94.0933333333333,NA,65.2,19.2883333333333,854.634159220353
"418",2018-09-09 22:00:00,"FRCH",859.656797045027,2018-09-10,94.4416666666667,NA,65.2,20.5933333333333,859.656797045027
"419",2018-09-09 22:30:00,"FRCH",860.661324609944,2018-09-10,93.8783333333333,NA,65.2,17.0533333333333,860.661324609944
"420",2018-09-09 23:00:00,"FRCH",851.620576525573,2018-09-10,93.745,NA,65.2,18.62,851.620576525573
"421",2018-09-09 23:30:00,"FRCH",857.647741915163,2018-09-10,93.4983333333333,NA,65.2333333333333,19.1333333333333,857.647741915163
"422",2018-09-10 00:00:00,"FRCH",861.66585217489,2018-09-10,93.705,NA,65.25,21.34,861.66585217489
"423",2018-09-10 00:30:00,"FRCH",857.647741915163,2018-09-10,93.2566666666667,NA,65.2666666666667,18.505,857.647741915163
"424",2018-09-10 01:00:00,"FRCH",850.616048960626,2018-09-10,93.325,NA,65.2666666666667,18.415,850.616048960626
"425",2018-09-10 01:30:00,"FRCH",855.6386867853,2018-09-10,92.9916666666667,NA,65.3,37.7733333333333,855.6386867853
"426",2018-09-10 02:00:00,"FRCH",853.629631655436,2018-09-10,92.7466666666667,NA,65.3,17.6333333333333,853.629631655436
"427",2018-09-10 02:30:00,"FRCH",853.629631655436,2018-09-10,92.7116666666667,NA,65.3333333333333,19.475,853.629631655436
"428",2018-09-10 03:00:00,"FRCH",860.661324609944,2018-09-10,92.38,NA,65.35,23.34,860.661324609944
"429",2018-09-10 03:30:00,"FRCH",855.6386867853,2018-09-10,92.7666666666667,NA,65.3666666666667,19.9733333333333,855.6386867853
"430",2018-09-10 04:00:00,"FRCH",856.643214350217,2018-09-10,92.2133333333333,NA,65.4,20.1866666666667,856.643214350217
"431",2018-09-10 04:30:00,"FRCH",851.620576525573,2018-09-10,92.4433333333333,NA,65.4,20.6133333333333,851.620576525573
"432",2018-09-10 05:00:00,"FRCH",853.629631655436,2018-09-10,92.215,NA,65.4,17.7016666666667,853.629631655436
"433",2018-09-10 05:30:00,"FRCH",847.602466265846,2018-09-10,92.0216666666667,NA,65.4333333333333,20.6233333333333,847.602466265846
"434",2018-09-10 06:00:00,"FRCH",846.597938700899,2018-09-10,92.1816666666667,NA,65.4666666666667,19.665,846.597938700899
"435",2018-09-10 06:30:00,"FRCH",839.566245746362,2018-09-10,91.9833333333333,NA,65.5,20.3566666666667,839.566245746362
"436",2018-09-10 07:00:00,"FRCH",846.597938700899,2018-09-10,92.1916666666667,NA,65.5333333333333,20.135,846.597938700899
"437",2018-09-10 07:30:00,"FRCH",844.588883571007,2018-09-10,92.0383333333333,NA,65.5666666666667,21.8916666666667,844.588883571007
"438",2018-09-10 08:00:00,"FRCH",849.61152139568,2018-09-10,92.0016666666667,NA,65.6,20.41,849.61152139568
"439",2018-09-10 08:30:00,"FRCH",847.602466265846,2018-09-10,92.2216666666667,NA,65.6666666666667,17.745,847.602466265846
"440",2018-09-10 09:00:00,"FRCH",853.629631655436,2018-09-10,92.5,NA,65.7,18.0916666666667,853.629631655436
"441",2018-09-10 09:30:00,"FRCH",840.570773311279,2018-09-10,92.8133333333333,NA,65.7333333333333,18.625,840.570773311279
"442",2018-09-10 10:00:00,"FRCH",842.579828441143,2018-09-10,92.6683333333333,NA,65.8,17.1716666666667,842.579828441143
"443",2018-09-10 10:30:00,"FRCH",844.588883571007,2018-09-10,92.5616666666667,NA,65.8333333333333,18.9866666666667,844.588883571007
"444",2018-09-10 11:00:00,"FRCH",835.548135486635,2018-09-10,92.9066666666667,NA,65.8666666666667,20.8183333333333,835.548135486635
"445",2018-09-10 11:30:00,"FRCH",837.55719061647,2018-09-10,92.7683333333333,NA,65.9,18.0783333333333,837.55719061647
"446",2018-09-10 12:00:00,"FRCH",837.55719061647,2018-09-10,92.7116666666667,NA,65.9166666666667,17.6766666666667,837.55719061647
"447",2018-09-10 12:30:00,"FRCH",842.579828441143,2018-09-10,92.7716666666667,NA,65.9333333333333,15.985,842.579828441143
"448",2018-09-10 13:00:00,"FRCH",844.588883571007,2018-09-10,92.4616666666667,NA,65.9666666666667,25.0983333333333,844.588883571007
"449",2018-09-10 13:30:00,"FRCH",835.548135486635,2018-09-10,92.1716666666667,NA,66,18.2866666666667,835.548135486635
"450",2018-09-10 14:00:00,"FRCH",830.525497661933,2018-09-10,92.2533333333333,NA,66.0166666666667,18.57,830.525497661933
"451",2018-09-10 14:30:00,"FRCH",832.534552791825,2018-09-10,91.5183333333333,NA,66.05,16.1666666666667,832.534552791825
"452",2018-09-10 15:00:00,"FRCH",833.539080356742,2018-09-10,92.11,NA,66.0666666666667,17.395,833.539080356742
"453",2018-09-10 15:30:00,"FRCH",836.552663051552,2018-09-10,91.8633333333333,NA,66.1,20.2883333333333,836.552663051552
"454",2018-09-10 16:00:00,"FRCH",834.543607921689,2018-09-11,91.9366666666667,NA,66.1166666666667,15.495,834.543607921689
"455",2018-09-10 16:30:00,"FRCH",835.548135486635,2018-09-11,91.6266666666667,NA,66.15,16.2366666666667,835.548135486635
"456",2018-09-10 17:00:00,"FRCH",836.552663051552,2018-09-11,91.0783333333333,NA,66.1833333333333,17.8866666666667,836.552663051552
"457",2018-09-10 17:30:00,"FRCH",833.539080356742,2018-09-11,91.7816666666667,NA,66.2,13.2516666666667,833.539080356742
"458",2018-09-10 18:00:00,"FRCH",834.543607921689,2018-09-11,90.9933333333333,NA,66.2,17.5216666666667,834.543607921689
"459",2018-09-10 18:30:00,"FRCH",835.548135486635,2018-09-11,90.525,NA,66.2333333333333,20.3466666666667,835.548135486635
"460",2018-09-10 19:00:00,"FRCH",815.457584187941,2018-09-11,90.63,NA,66.25,17.03,815.457584187941
"461",2018-09-10 19:30:00,"FRCH",827.511914967152,2018-09-11,90.3533333333333,NA,66.2666666666667,32.715,827.511914967152
"462",2018-09-10 20:00:00,"FRCH",832.534552791825,2018-09-11,90.3866666666667,NA,66.3,16.2316666666667,832.534552791825
"463",2018-09-10 20:30:00,"FRCH",833.539080356742,2018-09-11,89.8683333333333,NA,66.3,19.9866666666667,833.539080356742
"464",2018-09-10 21:00:00,"FRCH",825.502859837259,2018-09-11,90.0033333333333,NA,66.3,15.23,825.502859837259
"465",2018-09-10 21:30:00,"FRCH",840.570773311279,2018-09-11,89.49,NA,66.3,15.7166666666667,840.570773311279
"466",2018-09-10 22:00:00,"FRCH",834.543607921689,2018-09-11,89.1533333333333,NA,66.3166666666667,19.0583333333333,834.543607921689
"467",2018-09-10 22:30:00,"FRCH",830.525497661933,2018-09-11,89.2466666666667,NA,66.3166666666667,17.71,830.525497661933
"468",2018-09-10 23:00:00,"FRCH",833.539080356742,2018-09-11,88.7233333333333,NA,66.3333333333333,18.1616666666667,833.539080356742
"469",2018-09-10 23:30:00,"FRCH",822.489277142478,2018-09-11,88.4933333333333,NA,66.3666666666667,15.3533333333333,822.489277142478
"470",2018-09-11 00:00:00,"FRCH",830.525497661933,2018-09-11,88.3433333333333,NA,66.4,17.6933333333333,830.525497661933
"471",2018-09-11 00:30:00,"FRCH",831.530025226879,2018-09-11,88.26,NA,66.4,19.9466666666667,831.530025226879
"472",2018-09-11 01:00:00,"FRCH",830.525497661933,2018-09-11,88.1933333333333,NA,66.4,15.8783333333333,830.525497661933
"473",2018-09-11 01:30:00,"FRCH",824.498332272342,2018-09-11,87.8916666666667,NA,66.4,18.4166666666667,824.498332272342
"474",2018-09-11 02:00:00,"FRCH",828.516442532098,2018-09-11,87.82,NA,66.4333333333333,20.985,828.516442532098
"475",2018-09-11 02:30:00,"FRCH",833.539080356742,2018-09-11,87.6133333333333,NA,66.4666666666667,18.2816666666667,833.539080356742
"476",2018-09-11 03:00:00,"FRCH",832.534552791825,2018-09-11,87.7933333333333,NA,66.5,18.7266666666667,832.534552791825
"477",2018-09-11 03:30:00,"FRCH",822.489277142478,2018-09-11,87.4533333333333,NA,66.5,21.975,822.489277142478
"478",2018-09-11 04:00:00,"FRCH",822.489277142478,2018-09-11,87.13,NA,66.5,20.0833333333333,822.489277142478
"479",2018-09-11 04:30:00,"FRCH",827.511914967152,2018-09-11,86.9683333333333,NA,66.5,19.5266666666667,827.511914967152
"480",2018-09-11 05:00:00,"FRCH",827.511914967152,2018-09-11,87.28,NA,66.5333333333333,21.8566666666667,827.511914967152
"481",2018-09-11 05:30:00,"FRCH",825.502859837259,2018-09-11,87.3383333333333,NA,66.55,20.9033333333333,825.502859837259
"482",2018-09-11 06:00:00,"FRCH",821.484749577561,2018-09-11,86.8016666666667,NA,66.6,17.7933333333333,821.484749577561
"483",2018-09-11 06:30:00,"FRCH",812.444001493161,2018-09-11,86.89,NA,66.6166666666667,21.2583333333333,812.444001493161
"484",2018-09-11 07:00:00,"FRCH",817.466639317834,2018-09-11,87.2866666666667,NA,66.6333333333333,16.4266666666667,817.466639317834
"485",2018-09-11 07:30:00,"FRCH",815.457584187941,2018-09-11,87.195,NA,66.6833333333333,16.7033333333333,815.457584187941
"486",2018-09-11 08:00:00,"FRCH",813.448529058078,2018-09-11,87.2816666666667,NA,66.7166666666667,15.895,813.448529058078
"487",2018-09-11 08:30:00,"FRCH",822.489277142478,2018-09-11,87.6283333333333,NA,66.75,22.3483333333333,822.489277142478
"488",2018-09-11 09:00:00,"FRCH",821.484749577561,2018-09-11,87.82,NA,66.8,15.685,821.484749577561
"489",2018-09-11 09:30:00,"FRCH",824.498332272342,2018-09-11,87.5033333333333,NA,66.8,18.7216666666667,824.498332272342
"490",2018-09-11 10:00:00,"FRCH",821.484749577561,2018-09-11,87.77,NA,66.85,19.62,821.484749577561
"491",2018-09-11 10:30:00,"FRCH",818.471166882751,2018-09-11,87.7233333333333,NA,66.9,19.7283333333333,818.471166882751
"492",2018-09-11 11:00:00,"FRCH",824.498332272342,2018-09-11,87.9633333333333,NA,66.9,19.1666666666667,824.498332272342
"493",2018-09-11 11:30:00,"FRCH",816.462111752888,2018-09-11,87.8583333333333,NA,66.95,13.09,816.462111752888
"494",2018-09-11 12:00:00,"FRCH",813.448529058078,2018-09-11,87.7816666666667,NA,66.9833333333333,19.2366666666667,813.448529058078
"495",2018-09-11 12:30:00,"FRCH",819.475694447669,2018-09-11,87.7416666666667,NA,67,15.4633333333333,819.475694447669
"496",2018-09-11 13:00:00,"FRCH",811.439473928214,2018-09-11,87.4383333333333,NA,67,13.425,811.439473928214
"497",2018-09-11 13:30:00,"FRCH",813.448529058078,2018-09-11,87.3416666666667,NA,67.05,14.5866666666667,813.448529058078
"498",2018-09-11 14:00:00,"FRCH",798.380615584087,2018-09-11,87.2266666666667,NA,67.0666666666667,15.4383333333333,798.380615584087
"499",2018-09-11 14:30:00,"FRCH",818.471166882751,2018-09-11,87.0566666666667,NA,67.1,15.5883333333333,818.471166882751
"500",2018-09-11 15:00:00,"FRCH",815.457584187941,2018-09-11,87.055,NA,67.1166666666667,16.4466666666667,815.457584187941
"501",2018-09-11 15:30:00,"FRCH",819.475694447669,2018-09-11,86.645,NA,67.1666666666667,18.305,819.475694447669
"502",2018-09-11 16:00:00,"FRCH",815.457584187941,2018-09-12,86.2216666666667,NA,67.2,18.6583333333333,815.457584187941
"503",2018-09-11 16:30:00,"FRCH",814.453056622995,2018-09-12,86.335,NA,67.2333333333333,15.615,814.453056622995
"504",2018-09-11 17:00:00,"FRCH",820.480222012615,2018-09-12,86.3016666666667,NA,67.2666666666667,17.2066666666667,820.480222012615
"505",2018-09-11 17:30:00,"FRCH",815.457584187941,2018-09-12,85.995,NA,67.2666666666667,14.1983333333333,815.457584187941
"506",2018-09-11 18:00:00,"FRCH",813.448529058078,2018-09-12,85.95,NA,67.3,15.1533333333333,813.448529058078
"507",2018-09-11 18:30:00,"FRCH",812.444001493161,2018-09-12,85.5283333333333,NA,67.3166666666667,16.6033333333333,812.444001493161
"508",2018-09-11 19:00:00,"FRCH",813.448529058078,2018-09-12,85.4616666666667,NA,67.35,15.9366666666667,813.448529058078
"509",2018-09-11 19:30:00,"FRCH",809.430418798351,2018-09-12,85.35,NA,67.3666666666667,19.3916666666667,809.430418798351
"510",2018-09-11 20:00:00,"FRCH",809.430418798351,2018-09-12,85.1033333333333,NA,67.4,15.6116666666667,809.430418798351
"511",2018-09-11 20:30:00,"FRCH",810.434946363268,2018-09-12,84.6666666666667,NA,67.4,14.78,810.434946363268
"512",2018-09-11 21:00:00,"FRCH",810.434946363268,2018-09-12,84.5283333333333,NA,67.4,16.3633333333333,810.434946363268
"513",2018-09-11 21:30:00,"FRCH",807.421363668458,2018-09-12,84.4,NA,67.4166666666667,16.6683333333333,807.421363668458
"514",2018-09-11 22:00:00,"FRCH",808.425891233404,2018-09-12,83.39,NA,67.4,18.6916666666667,808.425891233404
"515",2018-09-11 22:30:00,"FRCH",806.41683610357,2018-09-12,83.9,NA,67.4166666666667,18.4533333333333,806.41683610357
"516",2018-09-11 23:00:00,"FRCH",808.425891233404,2018-09-12,83.2316666666667,NA,67.4,23.5633333333333,808.425891233404
"517",2018-09-11 23:30:00,"FRCH",812.444001493161,2018-09-12,83.4983333333333,NA,67.45,22.66,812.444001493161
"518",2018-09-12 00:00:00,"FRCH",809.430418798351,2018-09-12,82.78,NA,67.4833333333333,18.4466666666667,809.430418798351
"519",2018-09-12 00:30:00,"FRCH",804.407780973677,2018-09-12,83.1583333333333,NA,67.5,19.0683333333333,804.407780973677
"520",2018-09-12 01:00:00,"FRCH",816.462111752888,2018-09-12,83.1733333333333,NA,67.5,17.4883333333333,816.462111752888
"521",2018-09-12 01:30:00,"FRCH",807.421363668458,2018-09-12,82.76,NA,67.5,16.2533333333333,807.421363668458
"522",2018-09-12 02:00:00,"FRCH",802.398725843814,2018-09-12,82.8333333333333,NA,67.5166666666667,20.2566666666667,802.398725843814
"523",2018-09-12 02:30:00,"FRCH",810.434946363268,2018-09-12,82.715,NA,67.5333333333333,19.1816666666667,810.434946363268
"524",2018-09-12 03:00:00,"FRCH",799.385143149004,2018-09-12,82.5133333333333,NA,67.55,17.9283333333333,799.385143149004
"525",2018-09-12 03:30:00,"FRCH",808.425891233404,2018-09-12,82.4166666666667,NA,67.55,18.0416666666667,808.425891233404
"526",2018-09-12 04:00:00,"FRCH",806.41683610357,2018-09-12,82.2933333333333,NA,67.55,17.3266666666667,806.41683610357
"527",2018-09-12 04:30:00,"FRCH",807.421363668458,2018-09-12,82.24,NA,67.5333333333333,18.0366666666667,807.421363668458
"528",2018-09-12 05:00:00,"FRCH",804.407780973677,2018-09-12,82.0866666666667,NA,67.5666666666667,20.3916666666667,804.407780973677
"529",2018-09-12 05:30:00,"FRCH",810.434946363268,2018-09-12,82.16,NA,67.6,17.195,810.434946363268
"530",2018-09-12 06:00:00,"FRCH",807.421363668458,2018-09-12,82.0183333333333,NA,67.6,45.755,807.421363668458
"531",2018-09-12 06:30:00,"FRCH",813.448529058078,2018-09-12,82.03,NA,67.6333333333333,15.9116666666667,813.448529058078
"532",2018-09-12 07:00:00,"FRCH",804.407780973677,2018-09-12,81.7983333333333,NA,67.6333333333333,17.84,804.407780973677
"533",2018-09-12 07:30:00,"FRCH",804.407780973677,2018-09-12,81.905,NA,67.6666666666667,20.765,804.407780973677
"534",2018-09-12 08:00:00,"FRCH",813.448529058078,2018-09-12,81.645,NA,67.7,15.48,813.448529058078
"535",2018-09-12 08:30:00,"FRCH",807.421363668458,2018-09-12,81.8166666666667,NA,67.7166666666667,16.295,807.421363668458
"536",2018-09-12 09:00:00,"FRCH",807.421363668458,2018-09-12,82.0133333333333,NA,67.75,33.2066666666667,807.421363668458
"537",2018-09-12 09:30:00,"FRCH",801.394198278867,2018-09-12,82.1833333333333,NA,67.8,15,801.394198278867
"538",2018-09-12 10:00:00,"FRCH",804.407780973677,2018-09-12,82.3266666666667,NA,67.85,18.0083333333333,804.407780973677
"539",2018-09-12 10:30:00,"FRCH",803.403253408731,2018-09-12,82.4066666666667,NA,67.9,19.4083333333333,803.403253408731
"540",2018-09-12 11:00:00,"FRCH",803.403253408731,2018-09-12,82.295,NA,67.9333333333333,25.2316666666667,803.403253408731
"541",2018-09-12 11:30:00,"FRCH",795.367032889248,2018-09-12,82.52,NA,67.9666666666667,21.3616666666667,795.367032889248
"542",2018-09-12 12:00:00,"FRCH",794.36250532436,2018-09-12,82.5433333333333,NA,68,21.8266666666667,794.36250532436
"543",2018-09-12 12:30:00,"FRCH",805.412308538624,2018-09-12,82.5183333333333,NA,68.0333333333333,14.9583333333333,805.412308538624
"544",2018-09-12 13:00:00,"FRCH",803.403253408731,2018-09-12,82.775,NA,68.1,15.1516666666667,803.403253408731
"545",2018-09-12 13:30:00,"FRCH",795.367032889248,2018-09-12,82.4766666666667,NA,68.15,13.61,795.367032889248
"546",2018-09-12 14:00:00,"FRCH",801.394198278867,2018-09-12,82.5416666666667,NA,68.15,15.19,801.394198278867
"547",2018-09-12 14:30:00,"FRCH",798.380615584087,2018-09-12,82.3566666666667,NA,68.2,16.8166666666667,798.380615584087
"548",2018-09-12 15:00:00,"FRCH",798.380615584087,2018-09-12,82.4116666666667,NA,68.2333333333333,14.1616666666667,798.380615584087
"549",2018-09-12 15:30:00,"FRCH",795.367032889248,2018-09-12,82.1333333333333,NA,68.2333333333333,17.685,795.367032889248
"550",2018-09-12 16:00:00,"FRCH",800.38967071395,2018-09-13,81.9316666666667,NA,68.3,18.88,800.38967071395
"551",2018-09-12 16:30:00,"FRCH",800.38967071395,2018-09-13,81.8133333333333,NA,68.2833333333333,15.7383333333333,800.38967071395
"552",2018-09-12 17:00:00,"FRCH",796.371560454194,2018-09-13,82.0133333333333,NA,68.3,17.4333333333333,796.371560454194
"553",2018-09-12 17:30:00,"FRCH",796.371560454194,2018-09-13,81.7716666666667,NA,68.3,19.3316666666667,796.371560454194
"554",2018-09-12 18:00:00,"FRCH",801.394198278867,2018-09-13,81.97,NA,68.35,13.9666666666667,801.394198278867
"555",2018-09-12 18:30:00,"FRCH",797.37608801914,2018-09-13,81.4666666666667,NA,68.4,14.1933333333333,797.37608801914
"556",2018-09-12 19:00:00,"FRCH",793.357977759413,2018-09-13,81.6633333333333,NA,68.4,16.7783333333333,793.357977759413
"557",2018-09-12 19:30:00,"FRCH",791.348922629521,2018-09-13,81.3166666666667,NA,68.4,19.3833333333333,791.348922629521
"558",2018-09-12 20:00:00,"FRCH",786.326284804876,2018-09-13,80.755,NA,68.45,17.1433333333333,786.326284804876
"559",2018-09-12 20:30:00,"FRCH",797.37608801914,2018-09-13,80.7983333333333,NA,68.5,17.355,797.37608801914
"560",2018-09-12 21:00:00,"FRCH",797.37608801914,2018-09-13,80.5216666666667,NA,68.5333333333333,24.7833333333333,797.37608801914
"561",2018-09-12 21:30:00,"FRCH",790.344395064603,2018-09-13,80.6383333333333,NA,68.6,18.775,790.344395064603
"562",2018-09-12 22:00:00,"FRCH",791.348922629521,2018-09-13,80.0016666666667,NA,68.65,21.2833333333333,791.348922629521
"563",2018-09-12 22:30:00,"FRCH",795.367032889248,2018-09-13,80.3683333333333,NA,68.7166666666667,16.72,795.367032889248
"564",2018-09-12 23:00:00,"FRCH",785.32175723993,2018-09-13,80.0283333333333,NA,68.8,17.6916666666667,785.32175723993
"565",2018-09-12 23:30:00,"FRCH",792.353450194467,2018-09-13,79.6633333333333,NA,68.8666666666667,117.86,792.353450194467
"566",2018-09-13 00:00:00,"FRCH",795.367032889248,2018-09-13,79.6616666666667,NA,68.9,16.1283333333333,795.367032889248
"567",2018-09-13 00:30:00,"FRCH",791.348922629521,2018-09-13,79.7783333333333,NA,68.95,18.0816666666667,791.348922629521
"568",2018-09-13 01:00:00,"FRCH",781.303646980203,2018-09-13,79.7133333333333,NA,69,16.9066666666667,781.303646980203
"569",2018-09-13 01:30:00,"FRCH",788.33533993474,2018-09-13,79.265,NA,69.0333333333333,19.08,788.33533993474
"570",2018-09-13 02:00:00,"FRCH",797.37608801914,2018-09-13,79.15,NA,69.0666666666667,17.5116666666667,797.37608801914
"571",2018-09-13 02:30:00,"FRCH",787.330812369823,2018-09-13,79.27,NA,69.05,18.7616666666667,787.330812369823
"572",2018-09-13 03:00:00,"FRCH",789.339867499657,2018-09-13,78.87,NA,69.05,24.2866666666667,789.339867499657
"573",2018-09-13 03:30:00,"FRCH",792.353450194467,2018-09-13,78.3533333333333,NA,69.0333333333333,20.095,792.353450194467
"574",2018-09-13 04:00:00,"FRCH",792.353450194467,2018-09-13,78.44,NA,69,19.4983333333333,792.353450194467
"575",2018-09-13 04:30:00,"FRCH",788.33533993474,2018-09-13,78.82,NA,69,17.3366666666667,788.33533993474
"576",2018-09-13 05:00:00,"FRCH",782.308174545149,2018-09-13,78.3033333333333,NA,69.0333333333333,25.5833333333333,782.308174545149
"577",2018-09-13 05:30:00,"FRCH",780.299119415256,2018-09-13,78.38,NA,69.0333333333333,17.2183333333333,780.299119415256
"578",2018-09-13 06:00:00,"FRCH",787.330812369823,2018-09-13,78.2,NA,69.0166666666667,16.7116666666667,787.330812369823
"579",2018-09-13 06:30:00,"FRCH",780.299119415256,2018-09-13,78.0516666666667,NA,69.0333333333333,22.6866666666667,780.299119415256
"580",2018-09-13 06:30:00,"FRCH",780.299119415256,2018-09-13,78.0516666666667,NA,69.0333333333333,22.6866666666667,780.299119415256
"581",2018-09-13 07:00:00,"FRCH",774.271954025666,2018-09-13,78.16,NA,69.1,17.3516666666667,774.271954025666
"582",2018-09-13 07:30:00,"FRCH",772.262898895802,2018-09-13,78.355,NA,69.1333333333333,21.985,772.262898895802
"583",2018-09-13 08:00:00,"FRCH",777.285536720447,2018-09-13,78.8166666666667,NA,69.15,22.7633333333333,777.285536720447
"584",2018-09-13 08:30:00,"FRCH",780.299119415256,2018-09-13,78.545,NA,69.2,18.9266666666667,780.299119415256
"585",2018-09-13 09:00:00,"FRCH",784.317229674984,2018-09-13,78.5783333333333,NA,69.2,17.44,784.317229674984
"586",2018-09-13 09:30:00,"FRCH",778.290064285393,2018-09-13,79.4566666666667,NA,69.2,18.7316666666667,778.290064285393
"587",2018-09-13 10:00:00,"FRCH",783.312702110066,2018-09-13,79.455,NA,69.2333333333333,20.0066666666667,783.312702110066
"588",2018-09-13 10:30:00,"FRCH",771.258371330856,2018-09-13,79.7016666666667,NA,69.2166666666667,24.52,771.258371330856
"589",2018-09-13 11:00:00,"FRCH",772.262898895802,2018-09-13,79.65,NA,69.2166666666667,17.1983333333333,772.262898895802
"590",2018-09-13 11:30:00,"FRCH",770.253843765939,2018-09-13,79.7483333333333,NA,69.2,17.7716666666667,770.253843765939
"591",2018-09-13 12:00:00,"FRCH",767.240261071129,2018-09-13,3.15,NA,1.7,-0.015,767.240261071129
"592",2018-09-13 12:30:00,"FRCH",771.258371330856,2018-09-13,80.445,NA,71.0666666666667,19.9366666666667,771.258371330856
"593",2018-09-13 13:00:00,"FRCH",761.213095681509,2018-09-13,80.1033333333333,NA,70.95,20.0216666666667,761.213095681509
"594",2018-09-13 13:30:00,"FRCH",762.217623246455,2018-09-13,80.1466666666667,NA,70.8666666666667,15.47,762.217623246455
"595",2018-09-13 14:00:00,"FRCH",762.217623246455,2018-09-13,79.7816666666667,NA,70.8333333333333,17.5766666666667,762.217623246455
"596",2018-09-13 14:30:00,"FRCH",761.213095681509,2018-09-13,80.25,NA,70.7333333333333,14.8383333333333,761.213095681509
"597",2018-09-13 15:00:00,"FRCH",762.217623246455,2018-09-13,80.2666666666667,NA,70.7,16.19,762.217623246455
"598",2018-09-13 15:30:00,"FRCH",766.235733506182,2018-09-13,79.7183333333333,NA,70.6333333333333,18.9916666666667,766.235733506182
"599",2018-09-13 16:00:00,"FRCH",760.208568116592,2018-09-14,80.0166666666667,NA,70.6333333333333,14.835,760.208568116592
"600",2018-09-13 16:30:00,"FRCH",757.194985421782,2018-09-14,80.0816666666667,NA,70.6,19.585,757.194985421782
"601",2018-09-13 17:00:00,"FRCH",765.231205941236,2018-09-14,79.835,NA,70.6333333333333,16.54,765.231205941236
"602",2018-09-13 17:30:00,"FRCH",769.249316200992,2018-09-14,79.56,NA,70.6666666666667,15.6,769.249316200992
"603",2018-09-13 18:00:00,"FRCH",768.244788636075,2018-09-14,80.31,NA,70.6833333333333,17.3066666666667,768.244788636075
"604",2018-09-13 18:30:00,"FRCH",762.217623246455,2018-09-14,80.2716666666667,NA,70.7,14.8083333333333,762.217623246455
"605",2018-09-13 19:00:00,"FRCH",765.231205941236,2018-09-14,80.0183333333333,NA,70.7,14.1516666666667,765.231205941236
"606",2018-09-13 19:30:00,"FRCH",767.240261071129,2018-09-14,80.055,NA,70.75,15.6133333333333,767.240261071129
"607",2018-09-13 20:00:00,"FRCH",750.163292467245,2018-09-14,80.08,NA,70.7333333333333,21.8166666666667,750.163292467245
"608",2018-09-13 20:30:00,"FRCH",768.244788636075,2018-09-14,78.905,NA,70.7,20.5116666666667,768.244788636075
"609",2018-09-13 21:00:00,"FRCH",763.222150811402,2018-09-14,79.57,NA,70.7,16.875,763.222150811402
"610",2018-09-13 21:30:00,"FRCH",768.244788636075,2018-09-14,79.6,NA,70.7,19.7133333333333,768.244788636075
"611",2018-09-13 22:00:00,"FRCH",760.208568116592,2018-09-14,79.0233333333333,NA,70.7166666666667,17.7866666666667,760.208568116592
"612",2018-09-13 22:30:00,"FRCH",752.172347597138,2018-09-14,79.6466666666667,NA,70.7166666666667,15.1933333333333,752.172347597138
"613",2018-09-13 23:00:00,"FRCH",760.208568116592,2018-09-14,79.2333333333333,NA,70.7333333333333,17.1266666666667,760.208568116592
"614",2018-09-13 23:30:00,"FRCH",752.172347597138,2018-09-14,78.97,NA,70.7166666666667,16.3766666666667,752.172347597138
"615",2018-09-14 00:00:00,"FRCH",748.154237337381,2018-09-14,78.3683333333333,NA,70.75,18.24,748.154237337381
"616",2018-09-14 00:30:00,"FRCH",756.190457856865,2018-09-14,78.5983333333333,NA,70.7666666666667,25.6116666666667,756.190457856865
"617",2018-09-14 01:00:00,"FRCH",757.194985421782,2018-09-14,79.085,NA,70.7833333333333,17.2816666666667,757.194985421782
"618",2018-09-14 01:30:00,"FRCH",760.208568116592,2018-09-14,78.2033333333333,NA,70.8,25.5666666666667,760.208568116592
"619",2018-09-14 02:00:00,"FRCH",764.226678376348,2018-09-14,78.6083333333333,NA,70.8,18.225,764.226678376348
"620",2018-09-14 02:30:00,"FRCH",760.208568116592,2018-09-14,78.2616666666667,NA,70.8,22.77,760.208568116592
"621",2018-09-14 03:00:00,"FRCH",758.199512986728,2018-09-14,78.2933333333333,NA,70.8,17.4733333333333,758.199512986728
"622",2018-09-14 03:30:00,"FRCH",758.199512986728,2018-09-14,78.835,NA,70.8,17.665,758.199512986728
"623",2018-09-14 04:00:00,"FRCH",752.172347597138,2018-09-14,78.8316666666667,NA,70.8333333333333,16.8416666666667,752.172347597138
"624",2018-09-14 04:30:00,"FRCH",754.181402726972,2018-09-14,78.0083333333333,NA,70.8333333333333,17.2066666666667,754.181402726972
"625",2018-09-14 05:00:00,"FRCH",751.167820032191,2018-09-14,78.8133333333333,NA,70.85,19.8466666666667,751.167820032191
"626",2018-09-14 05:30:00,"FRCH",749.158764902328,2018-09-14,78.345,NA,70.85,19.235,749.158764902328
"627",2018-09-14 06:00:00,"FRCH",751.167820032191,2018-09-14,77.92,NA,70.8666666666667,20.3616666666667,751.167820032191
"628",2018-09-14 06:30:00,"FRCH",754.181402726972,2018-09-14,78.7183333333333,NA,70.8666666666667,18.2066666666667,754.181402726972
"629",2018-09-14 07:00:00,"FRCH",748.154237337381,2018-09-14,78.9783333333333,NA,70.8666666666667,15.5183333333333,748.154237337381
"630",2018-09-14 07:30:00,"FRCH",752.172347597138,2018-09-14,78.4616666666667,NA,70.9,21.2766666666667,752.172347597138
"631",2018-09-14 08:00:00,"FRCH",751.167820032191,2018-09-14,79.095,NA,70.9,16.0766666666667,751.167820032191
"632",2018-09-14 08:30:00,"FRCH",750.163292467245,2018-09-14,79.3516666666667,NA,70.9,17.5583333333333,750.163292467245
"633",2018-09-14 09:00:00,"FRCH",737.104434123117,2018-09-14,78.7933333333333,NA,70.9166666666667,15.5083333333333,737.104434123117
"634",2018-09-14 09:30:00,"FRCH",753.176875162055,2018-09-14,78.8916666666667,NA,70.9,16.5933333333333,753.176875162055
"635",2018-09-14 10:00:00,"FRCH",744.136127077654,2018-09-14,79.005,NA,70.9,16.69,744.136127077654
"636",2018-09-14 10:30:00,"FRCH",745.140654642601,2018-09-14,78.5816666666667,NA,70.9,18.4316666666667,745.140654642601
"637",2018-09-14 11:00:00,"FRCH",742.127071947762,2018-09-14,79.3633333333333,NA,70.8666666666667,16.04,742.127071947762
"638",2018-09-14 11:30:00,"FRCH",745.140654642601,2018-09-14,77.8783333333333,NA,70.8,20.9833333333333,745.140654642601
"639",2018-09-14 12:00:00,"FRCH",745.140654642601,2018-09-14,78.815,NA,70.8666666666667,17.7966666666667,745.140654642601
"640",2018-09-14 12:30:00,"FRCH",743.131599512708,2018-09-14,79.235,NA,70.9,14.7616666666667,743.131599512708
"641",2018-09-14 13:00:00,"FRCH",741.122544382844,2018-09-14,78.24,NA,70.8666666666667,19.8683333333333,741.122544382844
"642",2018-09-14 13:30:00,"FRCH",743.131599512708,2018-09-14,78.225,NA,70.8,14.5883333333333,743.131599512708
"643",2018-09-14 14:00:00,"FRCH",735.095378993225,2018-09-14,77.6183333333333,NA,70.8,15.6416666666667,735.095378993225
"644",2018-09-14 14:30:00,"FRCH",744.136127077654,2018-09-14,77.6266666666667,NA,70.7666666666667,16.74,744.136127077654
"645",2018-09-14 15:00:00,"FRCH",748.154237337381,2018-09-14,77.4483333333333,NA,70.9,18.8966666666667,748.154237337381
"646",2018-09-14 15:30:00,"FRCH",751.167820032191,2018-09-14,78.05,NA,70.9,15.0466666666667,751.167820032191
"647",2018-09-14 16:00:00,"FRCH",748.154237337381,2018-09-15,77.9483333333333,NA,70.9,17.1483333333333,748.154237337381
"648",2018-09-14 16:30:00,"FRCH",745.140654642601,2018-09-15,78.06,NA,70.95,15.505,745.140654642601
"649",2018-09-14 17:00:00,"FRCH",742.127071947762,2018-09-15,77.8883333333333,NA,70.9666666666667,16.0166666666667,742.127071947762
"650",2018-09-14 17:30:00,"FRCH",744.136127077654,2018-09-15,73.9883333333333,NA,71,25.2416666666667,744.136127077654
"651",2018-09-14 18:00:00,"FRCH",743.131599512708,2018-09-15,78.125,NA,70.7666666666667,16.0016666666667,743.131599512708
"652",2018-09-14 18:30:00,"FRCH",737.104434123117,2018-09-15,75.7533333333333,NA,71.1333333333333,17.8033333333333,737.104434123117
"653",2018-09-14 19:00:00,"FRCH",745.140654642601,2018-09-15,77.5916666666667,NA,71.1166666666667,16.0266666666667,745.140654642601
"654",2018-09-14 19:30:00,"FRCH",739.113489252981,2018-09-15,77.2133333333333,NA,71.1166666666667,18.9283333333333,739.113489252981
"655",2018-09-14 20:00:00,"FRCH",740.118016817927,2018-09-15,76.5216666666667,NA,71.1,18.845,740.118016817927
"656",2018-09-14 20:30:00,"FRCH",742.127071947762,2018-09-15,77.3683333333333,NA,71.1166666666667,14.39,742.127071947762
"657",2018-09-14 21:00:00,"FRCH",733.08632386339,2018-09-15,76.3533333333333,NA,71.1,29.355,733.08632386339
"658",2018-09-14 21:30:00,"FRCH",740.118016817927,2018-09-15,77.0316666666667,NA,71.1333333333333,17.3283333333333,740.118016817927
"659",2018-09-14 22:00:00,"FRCH",739.113489252981,2018-09-15,77.3083333333333,NA,71.1166666666667,17.0716666666667,739.113489252981
"660",2018-09-14 22:30:00,"FRCH",742.127071947762,2018-09-15,76.8566666666667,NA,71.15,20.1883333333333,742.127071947762
"661",2018-09-14 23:00:00,"FRCH",740.118016817927,2018-09-15,76.915,NA,71.2,15.53,740.118016817927
"662",2018-09-14 23:30:00,"FRCH",741.122544382844,2018-09-15,76.1483333333333,NA,71.2,15.2066666666667,741.122544382844
"663",2018-09-15 00:00:00,"FRCH",737.104434123117,2018-09-15,75.8583333333333,NA,71.2,16.4,737.104434123117
"664",2018-09-15 00:30:00,"FRCH",730.07274116858,2018-09-15,75.8633333333333,NA,71.2333333333333,19.96,730.07274116858
"665",2018-09-15 01:00:00,"FRCH",733.08632386339,2018-09-15,76.2516666666667,NA,71.2166666666667,16.5433333333333,733.08632386339
"666",2018-09-15 01:30:00,"FRCH",741.122544382844,2018-09-15,76.215,NA,71.2333333333333,14.1683333333333,741.122544382844
"667",2018-09-15 02:00:00,"FRCH",740.118016817927,2018-09-15,76.315,NA,71.2166666666667,13.805,740.118016817927
"668",2018-09-15 02:30:00,"FRCH",735.095378993225,2018-09-15,75.6666666666667,NA,71.2166666666667,13.74,735.095378993225
"669",2018-09-15 03:00:00,"FRCH",737.104434123117,2018-09-15,76.1433333333333,NA,71.25,17.29,737.104434123117
"670",2018-09-15 03:30:00,"FRCH",730.07274116858,2018-09-15,75.3766666666667,NA,71.2666666666667,14.29,730.07274116858
"671",2018-09-15 04:00:00,"FRCH",736.099906558171,2018-09-15,74.385,NA,71.3,22.4133333333333,736.099906558171
"672",2018-09-15 04:30:00,"FRCH",742.127071947762,2018-09-15,75.9316666666667,NA,71.3,15.975,742.127071947762
"673",2018-09-15 05:00:00,"FRCH",732.081796298444,2018-09-15,74.365,NA,71.3333333333333,30.045,732.081796298444
"674",2018-09-15 05:30:00,"FRCH",730.07274116858,2018-09-15,75.685,NA,71.3,15.0366666666667,730.07274116858
"675",2018-09-15 06:00:00,"FRCH",733.08632386339,2018-09-15,75.4,NA,71.3,17.5066666666667,733.08632386339
"676",2018-09-15 06:30:00,"FRCH",731.077268733497,2018-09-15,75.7816666666667,NA,71.3,16.035,731.077268733497
"677",2018-09-15 07:00:00,"FRCH",733.08632386339,2018-09-15,75.5016666666667,NA,71.3333333333333,15.3516666666667,733.08632386339
"678",2018-09-15 07:30:00,"FRCH",728.063686038717,2018-09-15,75.6766666666667,NA,71.3333333333333,16.6633333333333,728.063686038717
"679",2018-09-15 08:00:00,"FRCH",738.108961688064,2018-09-15,74.775,NA,71.35,19.16,738.108961688064
"680",2018-09-15 08:30:00,"FRCH",730.07274116858,2018-09-15,75.1383333333333,NA,71.65,14.6883333333333,730.07274116858
"681",2018-09-15 09:00:00,"FRCH",724.04557577896,2018-09-15,75.2316666666667,NA,71.65,17.485,724.04557577896
"682",2018-09-15 09:30:00,"FRCH",733.08632386339,2018-09-15,75.3866666666667,NA,71.7,16.5966666666667,733.08632386339
"683",2018-09-15 10:00:00,"FRCH",732.081796298444,2018-09-15,75.7266666666667,NA,71.7,28.9966666666667,732.081796298444
"684",2018-09-15 10:30:00,"FRCH",723.041048214043,2018-09-15,75.6816666666667,NA,71.7,18.645,723.041048214043
"685",2018-09-15 11:00:00,"FRCH",728.063686038717,2018-09-15,75.0383333333333,NA,71.7166666666667,17.5766666666667,728.063686038717
"686",2018-09-15 11:30:00,"FRCH",728.063686038717,2018-09-15,75.7216666666667,NA,71.7333333333333,14.3583333333333,728.063686038717
"687",2018-09-15 12:00:00,"FRCH",720.027465519233,2018-09-15,75.355,NA,71.7333333333333,21.9316666666667,720.027465519233
"688",2018-09-15 12:30:00,"FRCH",727.05915847377,2018-09-15,75.2833333333333,NA,71.75,20.455,727.05915847377
"689",2018-09-15 13:00:00,"FRCH",727.05915847377,2018-09-15,75.2266666666667,NA,71.7666666666667,15.19,727.05915847377
"690",2018-09-15 13:30:00,"FRCH",722.036520649126,2018-09-15,75.1466666666667,NA,71.8,15.21,722.036520649126
"691",2018-09-15 14:00:00,"FRCH",720.027465519233,2018-09-15,75.0816666666667,NA,71.8166666666667,17.615,720.027465519233
"692",2018-09-15 14:30:00,"FRCH",718.01841038937,2018-09-15,74.0966666666667,NA,71.8166666666667,16.5616666666667,718.01841038937
"693",2018-09-15 15:00:00,"FRCH",722.036520649126,2018-09-15,75.145,NA,71.8333333333333,14.8416666666667,722.036520649126
"694",2018-09-15 15:30:00,"FRCH",723.041048214043,2018-09-15,74.6433333333333,NA,71.8166666666667,15.3316666666667,723.041048214043
"695",2018-09-15 16:00:00,"FRCH",724.04557577896,2018-09-16,73.9083333333333,NA,71.8333333333333,22.5733333333333,724.04557577896
"696",2018-09-15 16:30:00,"FRCH",717.013882824423,2018-09-16,74.4333333333333,NA,71.8666666666667,17.645,717.013882824423
"697",2018-09-15 17:00:00,"FRCH",711.99124499975,2018-09-16,74.0033333333333,NA,71.8666666666667,16.745,711.99124499975
"698",2018-09-15 17:30:00,"FRCH",724.04557577896,2018-09-16,73.6,NA,71.8666666666667,15.085,724.04557577896
"699",2018-09-15 18:00:00,"FRCH",723.041048214043,2018-09-16,74.1233333333333,NA,71.9,16.965,723.041048214043
"700",2018-09-15 18:30:00,"FRCH",722.036520649126,2018-09-16,73.9716666666667,NA,71.9,14.1983333333333,722.036520649126
"701",2018-09-15 19:00:00,"FRCH",715.004827694589,2018-09-16,73.6933333333333,NA,71.9,15.6733333333333,715.004827694589
"702",2018-09-15 19:30:00,"FRCH",719.022937954316,2018-09-16,73.84,NA,71.9166666666667,13.9866666666667,719.022937954316
"703",2018-09-15 20:00:00,"FRCH",722.036520649126,2018-09-16,73.46,NA,71.9333333333333,20.525,722.036520649126
"704",2018-09-15 20:30:00,"FRCH",714.000300129643,2018-09-16,73.355,NA,71.9333333333333,17.7033333333333,714.000300129643
