"","Site","DateTime","Q","day","fDOM.QSU","nitrateuM","SpCond.uScm","Turbidity.FNU","MeanDischarge"
"1","VAUL",2020-06-22 23:30:00,627.498153964058,2020-06-22 08:00:00,NA,23.525,NA,NA,627.498153964058
"2","VAUL",2020-06-22 23:45:00,629.248648015549,2020-06-22 08:00:00,NA,15.64,NA,NA,629.248648015549
"3","VAUL",2020-06-23 00:00:00,629.248648015549,2020-06-23 08:00:00,NA,23.77,NA,NA,629.248648015549
"4","VAUL",2020-06-23 00:15:00,643.25260042731,2020-06-23 08:00:00,NA,15.61,NA,NA,643.25260042731
"5","VAUL",2020-06-23 00:30:00,630.999142067041,2020-06-23 08:00:00,NA,23.49,NA,NA,630.999142067041
"6","VAUL",2020-06-23 00:45:00,638.001118272892,2020-06-23 08:00:00,NA,15.58,NA,NA,638.001118272892
"7","VAUL",2020-06-23 01:00:00,632.749636118475,2020-06-23 08:00:00,NA,23.205,NA,NA,632.749636118475
"8","VAUL",2020-06-23 01:15:00,639.751612324326,2020-06-23 08:00:00,NA,15.6,NA,NA,639.751612324326
"9","VAUL",2020-06-23 01:30:00,638.001118272892,2020-06-23 08:00:00,NA,23.82,NA,NA,638.001118272892
"10","VAUL",2020-06-23 01:45:00,639.751612324326,2020-06-23 08:00:00,NA,15.6833333333333,NA,NA,639.751612324326
"11","VAUL",2020-06-23 02:00:00,636.2506242214,2020-06-23 08:00:00,NA,23.74,NA,NA,636.2506242214
"12","VAUL",2020-06-23 02:15:00,634.500130169909,2020-06-23 08:00:00,NA,15.66,NA,NA,634.500130169909
"13","VAUL",2020-06-23 02:30:00,639.751612324326,2020-06-23 08:00:00,NA,23.1,NA,NA,639.751612324326
"14","VAUL",2020-06-23 02:45:00,638.001118272892,2020-06-23 08:00:00,NA,15.6033333333333,NA,NA,638.001118272892
"15","VAUL",2020-06-23 03:00:00,641.502106375818,2020-06-23 08:00:00,NA,23.44,NA,NA,641.502106375818
"16","VAUL",2020-06-23 03:15:00,638.001118272892,2020-06-23 08:00:00,NA,15.6,NA,NA,638.001118272892
"17","VAUL",2020-06-23 03:30:00,646.753588530177,2020-06-23 08:00:00,NA,23.345,NA,NA,646.753588530177
"18","VAUL",2020-06-23 03:45:00,643.25260042731,2020-06-23 08:00:00,NA,15.6866666666667,NA,NA,643.25260042731
"19","VAUL",2020-06-23 04:00:00,641.502106375818,2020-06-23 08:00:00,NA,23.675,NA,NA,641.502106375818
"20","VAUL",2020-06-23 04:15:00,652.005070684652,2020-06-23 08:00:00,NA,15.6433333333333,NA,NA,652.005070684652
"21","VAUL",2020-06-23 04:30:00,657.256552839011,2020-06-23 08:00:00,NA,23.275,NA,NA,657.256552839011
"22","VAUL",2020-06-23 04:45:00,660.757540941937,2020-06-23 08:00:00,NA,15.6,NA,NA,660.757540941937
"23","VAUL",2020-06-23 05:00:00,671.260505250772,2020-06-23 08:00:00,NA,23.295,NA,NA,671.260505250772
"24","VAUL",2020-06-23 05:15:00,673.010999302205,2020-06-23 08:00:00,NA,15.6233333333333,NA,NA,673.010999302205
"25","VAUL",2020-06-23 05:30:00,680.012975508056,2020-06-23 08:00:00,NA,23.375,NA,NA,680.012975508056
"26","VAUL",2020-06-23 05:45:00,678.262481456622,2020-06-23 08:00:00,NA,15.6233333333333,NA,NA,678.262481456622
"27","VAUL",2020-06-23 06:00:00,688.765445765399,2020-06-23 08:00:00,NA,23.355,NA,NA,688.765445765399
"28","VAUL",2020-06-23 06:15:00,697.517916022742,2020-06-23 08:00:00,NA,15.48,NA,NA,697.517916022742
"29","VAUL",2020-06-23 06:30:00,706.270386280084,2020-06-23 08:00:00,NA,23.85,NA,NA,706.270386280084
"30","VAUL",2020-06-23 06:45:00,715.022856537427,2020-06-23 08:00:00,NA,15.5333333333333,NA,NA,715.022856537427
"31","VAUL",2020-06-23 07:00:00,722.024832743278,2020-06-23 08:00:00,NA,23.09,NA,NA,722.024832743278
"32","VAUL",2020-06-23 07:15:00,727.276314897696,2020-06-23 08:00:00,NA,15.4,NA,NA,727.276314897696
"33","VAUL",2020-06-23 07:30:00,741.280267309397,2020-06-23 08:00:00,NA,23.39,NA,NA,741.280267309397
"34","VAUL",2020-06-23 07:45:00,750.032737566682,2020-06-23 08:00:00,NA,15.4866666666667,NA,NA,750.032737566682
"35","VAUL",2020-06-23 08:00:00,755.284219721158,2020-06-23 08:00:00,NA,23.34,NA,NA,755.284219721158
"36","VAUL",2020-06-23 08:15:00,772.789160235785,2020-06-23 08:00:00,NA,15.5333333333333,NA,NA,772.789160235785
"37","VAUL",2020-06-23 08:30:00,774.539654287277,2020-06-23 08:00:00,NA,23.34,NA,NA,774.539654287277
"38","VAUL",2020-06-23 08:45:00,793.795088853396,2020-06-23 08:00:00,NA,15.4,NA,NA,793.795088853396
"39","VAUL",2020-06-23 09:00:00,795.54558290483,2020-06-23 08:00:00,NA,23.355,NA,NA,795.54558290483
"40","VAUL",2020-06-23 09:15:00,804.298053162172,2020-06-23 08:00:00,NA,15.4166666666667,NA,NA,804.298053162172
"41","VAUL",2020-06-23 09:30:00,818.302005573933,2020-06-23 08:00:00,NA,22.95,NA,NA,818.302005573933
"42","VAUL",2020-06-23 09:45:00,827.054475831275,2020-06-23 08:00:00,NA,15.4566666666667,NA,NA,827.054475831275
"43","VAUL",2020-06-23 10:00:00,841.058428242977,2020-06-23 08:00:00,NA,23.225,NA,NA,841.058428242977
"44","VAUL",2020-06-23 10:15:00,849.81089850032,2020-06-23 08:00:00,NA,15.4866666666667,NA,NA,849.81089850032
"45","VAUL",2020-06-23 10:30:00,863.814850912022,2020-06-23 08:00:00,NA,23.445,NA,NA,863.814850912022
"46","VAUL",2020-06-23 10:45:00,858.563368757663,2020-06-23 08:00:00,NA,15.55,NA,NA,858.563368757663
"47","VAUL",2020-06-23 11:00:00,870.816827117931,2020-06-23 08:00:00,NA,23.3,NA,NA,870.816827117931
"48","VAUL",2020-06-23 11:15:00,867.315839014947,2020-06-23 08:00:00,NA,15.5166666666667,NA,NA,867.315839014947
"49","VAUL",2020-06-23 11:30:00,877.818803323782,2020-06-23 08:00:00,NA,23.06,NA,NA,877.818803323782
"50","VAUL",2020-06-23 11:45:00,884.820779529633,2020-06-23 08:00:00,NA,15.6433333333333,NA,NA,884.820779529633
"51","VAUL",2020-06-23 12:00:00,900.575225992827,2020-06-23 08:00:00,NA,23.315,NA,NA,900.575225992827
"52","VAUL",2020-06-23 12:15:00,909.32769625017,2020-06-23 08:00:00,NA,15.6233333333333,NA,NA,909.32769625017
"53","VAUL",2020-06-23 12:30:00,909.32769625017,2020-06-23 08:00:00,NA,23.68,NA,NA,909.32769625017
"54","VAUL",2020-06-23 12:45:00,911.078190301661,2020-06-23 08:00:00,NA,15.5966666666667,NA,NA,911.078190301661
"55","VAUL",2020-06-23 13:00:00,926.832636764797,2020-06-23 08:00:00,NA,23.57,NA,NA,926.832636764797
"56","VAUL",2020-06-23 13:15:00,925.082142713363,2020-06-23 08:00:00,NA,15.5833333333333,NA,NA,925.082142713363
"57","VAUL",2020-06-23 13:30:00,933.834612970706,2020-06-23 08:00:00,NA,23.475,NA,NA,933.834612970706
"58","VAUL",2020-06-23 13:45:00,921.581154610438,2020-06-23 08:00:00,NA,15.5833333333333,NA,NA,921.581154610438
"59","VAUL",2020-06-23 14:00:00,939.086095125065,2020-06-23 08:00:00,NA,23.54,NA,NA,939.086095125065
"60","VAUL",2020-06-23 14:15:00,946.088071330974,2020-06-23 08:00:00,NA,15.5633333333333,NA,NA,946.088071330974
"61","VAUL",2020-06-23 14:30:00,949.5890594339,2020-06-23 08:00:00,NA,23.53,NA,NA,949.5890594339
"62","VAUL",2020-06-23 14:45:00,951.339553485333,2020-06-23 08:00:00,NA,15.5666666666667,NA,NA,951.339553485333
"63","VAUL",2020-06-23 15:00:00,947.838565382408,2020-06-23 08:00:00,NA,23.57,NA,NA,947.838565382408
"64","VAUL",2020-06-23 15:15:00,954.840541588317,2020-06-23 08:00:00,NA,15.46,NA,NA,954.840541588317
"65","VAUL",2020-06-23 15:30:00,960.092023742676,2020-06-23 08:00:00,NA,23.385,NA,NA,960.092023742676
"66","VAUL",2020-06-23 15:45:00,968.844494000019,2020-06-23 08:00:00,NA,15.6,NA,NA,968.844494000019
"67","VAUL",2020-06-23 16:00:00,961.842517794168,2020-06-23 08:00:00,NA,23.485,NA,NA,961.842517794168
"68","VAUL",2020-06-23 16:15:00,970.594988051453,2020-06-23 08:00:00,NA,15.57,NA,NA,970.594988051453
"69","VAUL",2020-06-23 16:30:00,970.594988051453,2020-06-23 08:00:00,NA,23.24,NA,NA,970.594988051453
"70","VAUL",2020-06-23 16:45:00,979.347458308795,2020-06-23 08:00:00,NA,15.5733333333333,NA,NA,979.347458308795
"71","VAUL",2020-06-23 17:00:00,977.596964257362,2020-06-23 08:00:00,NA,23.005,NA,NA,977.596964257362
"72","VAUL",2020-06-23 17:15:00,982.848446411721,2020-06-23 08:00:00,NA,15.38,NA,NA,982.848446411721
"73","VAUL",2020-06-23 17:30:00,975.84647020587,2020-06-23 08:00:00,NA,23.27,NA,NA,975.84647020587
"74","VAUL",2020-06-23 17:45:00,984.598940463213,2020-06-23 08:00:00,NA,15.3333333333333,NA,NA,984.598940463213
"75","VAUL",2020-06-23 18:00:00,982.848446411721,2020-06-23 08:00:00,NA,22.88,NA,NA,982.848446411721
"76","VAUL",2020-06-23 18:15:00,974.095976154436,2020-06-23 08:00:00,NA,15.3833333333333,NA,NA,974.095976154436
"77","VAUL",2020-06-23 18:30:00,989.850422617572,2020-06-23 08:00:00,NA,23.095,NA,NA,989.850422617572
"78","VAUL",2020-06-23 18:45:00,979.347458308795,2020-06-23 08:00:00,NA,15.45,NA,NA,979.347458308795
"79","VAUL",2020-06-23 19:00:00,981.097952360287,2020-06-23 08:00:00,NA,22.475,NA,NA,981.097952360287
"80","VAUL",2020-06-23 19:15:00,995.101904772047,2020-06-23 08:00:00,NA,15.33,NA,NA,995.101904772047
"81","VAUL",2020-06-23 19:30:00,988.099928566196,2020-06-23 08:00:00,NA,22.745,NA,NA,988.099928566196
"82","VAUL",2020-06-23 19:45:00,988.099928566196,2020-06-23 08:00:00,NA,15.4633333333333,NA,NA,988.099928566196
"83","VAUL",2020-06-23 20:00:00,991.600916669064,2020-06-23 08:00:00,NA,22.73,NA,NA,991.600916669064
"84","VAUL",2020-06-23 20:15:00,986.349434514705,2020-06-23 08:00:00,NA,15.3833333333333,NA,NA,986.349434514705
"85","VAUL",2020-06-23 20:30:00,998.602892874973,2020-06-23 08:00:00,NA,22.85,NA,NA,998.602892874973
"86","VAUL",2020-06-23 20:45:00,988.099928566196,2020-06-23 08:00:00,NA,15.2166666666667,NA,NA,988.099928566196
"87","VAUL",2020-06-23 21:00:00,993.351410720556,2020-06-23 08:00:00,NA,23.26,NA,NA,993.351410720556
"88","VAUL",2020-06-23 21:15:00,998.602892874973,2020-06-23 08:00:00,NA,15.3133333333333,NA,NA,998.602892874973
"89","VAUL",2020-06-23 21:30:00,1002.1038809779,2020-06-23 08:00:00,NA,22.26,NA,NA,1002.1038809779
"90","VAUL",2020-06-23 21:45:00,1010.85635123518,2020-06-23 08:00:00,NA,15.3733333333333,NA,NA,1010.85635123518
"91","VAUL",2020-06-23 22:00:00,996.852398823481,2020-06-23 08:00:00,NA,23.2,NA,NA,996.852398823481
"92","VAUL",2020-06-23 22:15:00,1005.60486908082,2020-06-23 08:00:00,NA,15.2266666666667,NA,NA,1005.60486908082
"93","VAUL",2020-06-23 22:30:00,1005.60486908082,2020-06-23 08:00:00,NA,22.9,NA,NA,1005.60486908082
"94","VAUL",2020-06-23 22:45:00,1010.85635123518,2020-06-23 08:00:00,NA,15.21,NA,NA,1010.85635123518
"95","VAUL",2020-06-23 23:00:00,1017.85832744109,2020-06-23 08:00:00,NA,22.7,NA,NA,1017.85832744109
"96","VAUL",2020-06-23 23:15:00,1007.35536313232,2020-06-23 08:00:00,NA,15.29,NA,NA,1007.35536313232
"97","VAUL",2020-06-23 23:30:00,1024.86030364694,2020-06-23 08:00:00,NA,22.885,NA,NA,1024.86030364694
"98","VAUL",2020-06-23 23:45:00,1023.10980959545,2020-06-23 08:00:00,NA,15.2233333333333,NA,NA,1023.10980959545
"99","VAUL",2020-06-24 00:00:00,1012.60684528667,2020-06-24 08:00:00,NA,22.665,NA,NA,1012.60684528667
"100","VAUL",2020-06-24 00:15:00,1044.11573821306,2020-06-24 08:00:00,NA,15.2633333333333,NA,NA,1044.11573821306
"101","VAUL",2020-06-24 00:30:00,1031.86227985279,2020-06-24 08:00:00,NA,22.605,NA,NA,1031.86227985279
"102","VAUL",2020-06-24 00:45:00,1024.86030364694,2020-06-24 08:00:00,NA,15.3366666666667,NA,NA,1024.86030364694
"103","VAUL",2020-06-24 01:00:00,1049.36722036748,2020-06-24 08:00:00,NA,23.265,NA,NA,1049.36722036748
"104","VAUL",2020-06-24 01:15:00,1035.36326795572,2020-06-24 08:00:00,NA,15.34,NA,NA,1035.36326795572
"105","VAUL",2020-06-24 01:30:00,1040.61475011014,2020-06-24 08:00:00,NA,22.805,NA,NA,1040.61475011014
"106","VAUL",2020-06-24 01:45:00,1028.36129174987,2020-06-24 08:00:00,NA,15.3766666666667,NA,NA,1028.36129174987
"107","VAUL",2020-06-24 02:00:00,1037.11376200721,2020-06-24 08:00:00,NA,23.15,NA,NA,1037.11376200721
"108","VAUL",2020-06-24 02:15:00,1045.86623226455,2020-06-24 08:00:00,NA,15.3633333333333,NA,NA,1045.86623226455
"109","VAUL",2020-06-24 02:30:00,1054.61870252184,2020-06-24 08:00:00,NA,22.635,NA,NA,1054.61870252184
"110","VAUL",2020-06-24 02:45:00,1051.11771441891,2020-06-24 08:00:00,NA,15.2366666666667,NA,NA,1051.11771441891
"111","VAUL",2020-06-24 03:00:00,1051.11771441891,2020-06-24 08:00:00,NA,23.07,NA,NA,1051.11771441891
"112","VAUL",2020-06-24 03:15:00,1063.37117277918,2020-06-24 08:00:00,NA,15.4033333333333,NA,NA,1063.37117277918
"113","VAUL",2020-06-24 03:30:00,1070.37314898509,2020-06-24 08:00:00,NA,23.67,NA,NA,1070.37314898509
"114","VAUL",2020-06-24 03:45:00,1056.36919657333,2020-06-24 08:00:00,NA,15.2533333333333,NA,NA,1056.36919657333
"115","VAUL",2020-06-24 04:00:00,1070.37314898509,2020-06-24 08:00:00,NA,22.625,NA,NA,1070.37314898509
"116","VAUL",2020-06-24 04:15:00,1065.12166683067,2020-06-24 08:00:00,NA,15.3266666666667,NA,NA,1065.12166683067
"117","VAUL",2020-06-24 04:30:00,1073.87413708796,2020-06-24 08:00:00,NA,22.74,NA,NA,1073.87413708796
"118","VAUL",2020-06-24 04:45:00,1045.86623226455,2020-06-24 08:00:00,NA,15.3133333333333,NA,NA,1045.86623226455
"119","VAUL",2020-06-24 05:00:00,1058.11969062482,2020-06-24 08:00:00,NA,22.585,NA,NA,1058.11969062482
"120","VAUL",2020-06-24 05:15:00,1056.36919657333,2020-06-24 08:00:00,NA,15.2866666666667,NA,NA,1056.36919657333
"121","VAUL",2020-06-24 05:30:00,1072.12364303652,2020-06-24 08:00:00,NA,22.415,NA,NA,1072.12364303652
"122","VAUL",2020-06-24 05:45:00,1073.87413708796,2020-06-24 08:00:00,NA,15.2266666666667,NA,NA,1073.87413708796
"123","VAUL",2020-06-24 06:00:00,1059.87018467631,2020-06-24 08:00:00,NA,22.81,NA,NA,1059.87018467631
"124","VAUL",2020-06-24 06:15:00,1072.12364303652,2020-06-24 08:00:00,NA,15.2966666666667,NA,NA,1072.12364303652
"125","VAUL",2020-06-24 06:30:00,1070.37314898509,2020-06-24 08:00:00,NA,22.935,NA,NA,1070.37314898509
"126","VAUL",2020-06-24 06:45:00,1058.11969062482,2020-06-24 08:00:00,NA,15.08,NA,NA,1058.11969062482
"127","VAUL",2020-06-24 07:00:00,1063.37117277918,2020-06-24 08:00:00,NA,22.69,NA,NA,1063.37117277918
"128","VAUL",2020-06-24 07:15:00,1049.36722036748,2020-06-24 08:00:00,NA,15.29,NA,NA,1049.36722036748
"129","VAUL",2020-06-24 07:30:00,1058.11969062482,2020-06-24 08:00:00,NA,22.625,NA,NA,1058.11969062482
"130","VAUL",2020-06-24 07:45:00,1070.37314898509,2020-06-24 08:00:00,NA,15.1866666666667,NA,NA,1070.37314898509
"131","VAUL",2020-06-24 08:00:00,1063.37117277918,2020-06-24 08:00:00,NA,23.205,NA,NA,1063.37117277918
"132","VAUL",2020-06-24 08:15:00,1058.11969062482,2020-06-24 08:00:00,NA,15.2066666666667,NA,NA,1058.11969062482
"133","VAUL",2020-06-24 08:30:00,1040.61475011014,2020-06-24 08:00:00,NA,22.905,NA,NA,1040.61475011014
"134","VAUL",2020-06-24 08:45:00,1054.61870252184,2020-06-24 08:00:00,NA,15.2233333333333,NA,NA,1054.61870252184
"135","VAUL",2020-06-24 09:00:00,1044.11573821306,2020-06-24 08:00:00,NA,23.415,NA,NA,1044.11573821306
"136","VAUL",2020-06-24 09:15:00,1040.61475011014,2020-06-24 08:00:00,NA,15.23,NA,NA,1040.61475011014
"137","VAUL",2020-06-24 09:30:00,1040.61475011014,2020-06-24 08:00:00,NA,23.055,NA,NA,1040.61475011014
"138","VAUL",2020-06-24 09:45:00,1038.8642560587,2020-06-24 08:00:00,NA,15.2933333333333,NA,NA,1038.8642560587
"139","VAUL",2020-06-24 10:00:00,1052.86820847041,2020-06-24 08:00:00,NA,22.775,NA,NA,1052.86820847041
"140","VAUL",2020-06-24 10:15:00,1038.8642560587,2020-06-24 08:00:00,NA,15.1966666666667,NA,NA,1038.8642560587
"141","VAUL",2020-06-24 10:30:00,1047.61672631599,2020-06-24 08:00:00,NA,22.99,NA,NA,1047.61672631599
"142","VAUL",2020-06-24 10:45:00,1030.11178580136,2020-06-24 08:00:00,NA,15.2233333333333,NA,NA,1030.11178580136
"143","VAUL",2020-06-24 11:00:00,1026.61079769843,2020-06-24 08:00:00,NA,22.86,NA,NA,1026.61079769843
"144","VAUL",2020-06-24 11:15:00,1033.61277390429,2020-06-24 08:00:00,NA,15.1766666666667,NA,NA,1033.61277390429
"145","VAUL",2020-06-24 11:30:00,1002.1038809779,2020-06-24 08:00:00,NA,22.22,NA,NA,1002.1038809779
"146","VAUL",2020-06-24 11:45:00,996.852398823481,2020-06-24 08:00:00,NA,15.3133333333333,NA,NA,996.852398823481
"147","VAUL",2020-06-24 12:00:00,996.852398823481,2020-06-24 08:00:00,NA,23.325,NA,NA,996.852398823481
"148","VAUL",2020-06-24 12:15:00,1000.35338692641,2020-06-24 08:00:00,NA,15.47,NA,NA,1000.35338692641
"149","VAUL",2020-06-24 12:30:00,995.101904772047,2020-06-24 08:00:00,NA,22.97,NA,NA,995.101904772047
"150","VAUL",2020-06-24 12:45:00,986.349434514705,2020-06-24 08:00:00,NA,15.3066666666667,NA,NA,986.349434514705
"151","VAUL",2020-06-24 13:00:00,977.596964257362,2020-06-24 08:00:00,NA,22.95,NA,NA,977.596964257362
"152","VAUL",2020-06-24 13:15:00,977.596964257362,2020-06-24 08:00:00,NA,15.2266666666667,NA,NA,977.596964257362
"153","VAUL",2020-06-24 13:30:00,979.347458308795,2020-06-24 08:00:00,NA,23.14,NA,NA,979.347458308795
"154","VAUL",2020-06-24 13:45:00,979.347458308795,2020-06-24 08:00:00,NA,15.35,NA,NA,979.347458308795
"155","VAUL",2020-06-24 14:00:00,954.840541588317,2020-06-24 08:00:00,NA,23.01,NA,NA,954.840541588317
"156","VAUL",2020-06-24 14:15:00,965.343505897094,2020-06-24 08:00:00,NA,15.3233333333333,NA,NA,965.343505897094
"157","VAUL",2020-06-24 14:30:00,974.095976154436,2020-06-24 08:00:00,NA,22.785,NA,NA,974.095976154436
"158","VAUL",2020-06-24 14:45:00,953.090047536825,2020-06-24 08:00:00,NA,15.2933333333333,NA,NA,953.090047536825
"159","VAUL",2020-06-24 15:00:00,963.593011845602,2020-06-24 08:00:00,NA,23.43,NA,NA,963.593011845602
"160","VAUL",2020-06-24 15:15:00,965.343505897094,2020-06-24 08:00:00,NA,15.2333333333333,NA,NA,965.343505897094
"161","VAUL",2020-06-24 15:30:00,951.339553485333,2020-06-24 08:00:00,NA,23.38,NA,NA,951.339553485333
"162","VAUL",2020-06-24 15:45:00,947.838565382408,2020-06-24 08:00:00,NA,15.2433333333333,NA,NA,947.838565382408
"163","VAUL",2020-06-24 16:00:00,933.834612970706,2020-06-24 08:00:00,NA,23.065,NA,NA,933.834612970706
"164","VAUL",2020-06-24 16:15:00,930.333624867781,2020-06-24 08:00:00,NA,15.35,NA,NA,930.333624867781
"165","VAUL",2020-06-24 16:30:00,926.832636764797,2020-06-24 08:00:00,NA,23.225,NA,NA,926.832636764797
"166","VAUL",2020-06-24 16:45:00,923.33164866193,2020-06-24 08:00:00,NA,15.46,NA,NA,923.33164866193
"167","VAUL",2020-06-24 17:00:00,926.832636764797,2020-06-24 08:00:00,NA,23.125,NA,NA,926.832636764797
"168","VAUL",2020-06-24 17:15:00,912.828684353095,2020-06-24 08:00:00,NA,15.4133333333333,NA,NA,912.828684353095
"169","VAUL",2020-06-24 17:30:00,909.32769625017,2020-06-24 08:00:00,NA,23.46,NA,NA,909.32769625017
"170","VAUL",2020-06-24 17:45:00,902.325720044319,2020-06-24 08:00:00,NA,15.3233333333333,NA,NA,902.325720044319
"171","VAUL",2020-06-24 18:00:00,904.07621409581,2020-06-24 08:00:00,NA,23.315,NA,NA,904.07621409581
"172","VAUL",2020-06-24 18:15:00,888.321767632558,2020-06-24 08:00:00,NA,15.32,NA,NA,888.321767632558
"173","VAUL",2020-06-24 18:30:00,877.818803323782,2020-06-24 08:00:00,NA,23.275,NA,NA,877.818803323782
"174","VAUL",2020-06-24 18:45:00,883.070285478199,2020-06-24 08:00:00,NA,15.2966666666667,NA,NA,883.070285478199
"175","VAUL",2020-06-24 19:00:00,870.816827117931,2020-06-24 08:00:00,NA,23.57,NA,NA,870.816827117931
"176","VAUL",2020-06-24 19:15:00,865.565344963514,2020-06-24 08:00:00,NA,15.34,NA,NA,865.565344963514
"177","VAUL",2020-06-24 19:30:00,865.565344963514,2020-06-24 08:00:00,NA,23.22,NA,NA,865.565344963514
"178","VAUL",2020-06-24 19:45:00,848.060404448828,2020-06-24 08:00:00,NA,15.4333333333333,NA,NA,848.060404448828
"179","VAUL",2020-06-24 20:00:00,853.311886603246,2020-06-24 08:00:00,NA,22.975,NA,NA,853.311886603246
"180","VAUL",2020-06-24 20:15:00,844.559416345903,2020-06-24 08:00:00,NA,15.36,NA,NA,844.559416345903
"181","VAUL",2020-06-24 20:30:00,827.054475831275,2020-06-24 08:00:00,NA,23.495,NA,NA,827.054475831275
"182","VAUL",2020-06-24 20:45:00,834.056452037068,2020-06-24 08:00:00,NA,15.4566666666667,NA,NA,834.056452037068
"183","VAUL",2020-06-24 21:00:00,825.303981779783,2020-06-24 08:00:00,NA,23.47,NA,NA,825.303981779783
"184","VAUL",2020-06-24 21:15:00,821.8029936768,2020-06-24 08:00:00,NA,15.4066666666667,NA,NA,821.8029936768
"185","VAUL",2020-06-24 21:30:00,820.052499625424,2020-06-24 08:00:00,NA,23.39,NA,NA,820.052499625424
"186","VAUL",2020-06-24 21:45:00,816.551511522441,2020-06-24 08:00:00,NA,15.4033333333333,NA,NA,816.551511522441
"187","VAUL",2020-06-24 22:00:00,816.551511522441,2020-06-24 08:00:00,NA,22.665,NA,NA,816.551511522441
"188","VAUL",2020-06-24 22:15:00,804.298053162172,2020-06-24 08:00:00,NA,15.5566666666667,NA,NA,804.298053162172
"189","VAUL",2020-06-24 22:30:00,795.54558290483,2020-06-24 08:00:00,NA,23.69,NA,NA,795.54558290483
"190","VAUL",2020-06-24 22:45:00,793.795088853396,2020-06-24 08:00:00,NA,15.56,NA,NA,793.795088853396
"191","VAUL",2020-06-24 23:00:00,776.29014833871,2020-06-24 08:00:00,NA,23.32,NA,NA,776.29014833871
"192","VAUL",2020-06-24 23:15:00,778.040642390202,2020-06-24 08:00:00,NA,15.59,NA,NA,778.040642390202
"193","VAUL",2020-06-24 23:30:00,774.539654287277,2020-06-24 08:00:00,NA,23.23,NA,NA,774.539654287277
"194","VAUL",2020-06-24 23:45:00,772.789160235785,2020-06-24 08:00:00,NA,15.5066666666667,NA,NA,772.789160235785
"195","VAUL",2020-06-25 00:00:00,779.791136441694,2020-06-25 08:00:00,NA,23.28,NA,NA,779.791136441694
"196","VAUL",2020-06-25 00:15:00,758.785207824083,2020-06-25 08:00:00,NA,15.6766666666667,NA,NA,758.785207824083
"197","VAUL",2020-06-25 00:30:00,739.529773257906,2020-06-25 08:00:00,NA,23.625,NA,NA,739.529773257906
"198","VAUL",2020-06-25 00:45:00,750.032737566682,2020-06-25 08:00:00,NA,15.6366666666667,NA,NA,750.032737566682
"199","VAUL",2020-06-25 01:00:00,753.533725669666,2020-06-25 08:00:00,NA,23.965,NA,NA,753.533725669666
"200","VAUL",2020-06-25 01:15:00,746.531749463815,2020-06-25 08:00:00,NA,15.7233333333333,NA,NA,746.531749463815
"201","VAUL",2020-06-25 01:30:00,743.030761360889,2020-06-25 08:00:00,NA,23.79,NA,NA,743.030761360889
"202","VAUL",2020-06-25 01:45:00,727.276314897696,2020-06-25 08:00:00,NA,15.6833333333333,NA,NA,727.276314897696
"203","VAUL",2020-06-25 02:00:00,729.026808949129,2020-06-25 08:00:00,NA,23.72,NA,NA,729.026808949129
"204","VAUL",2020-06-25 02:15:00,725.525820846204,2020-06-25 08:00:00,NA,15.7866666666667,NA,NA,725.525820846204
"205","VAUL",2020-06-25 02:30:00,722.024832743278,2020-06-25 08:00:00,NA,23.605,NA,NA,722.024832743278
"206","VAUL",2020-06-25 02:45:00,715.022856537427,2020-06-25 08:00:00,NA,15.76,NA,NA,715.022856537427
"207","VAUL",2020-06-25 03:00:00,695.767421971308,2020-06-25 08:00:00,NA,23.305,NA,NA,695.767421971308
"208","VAUL",2020-06-25 03:15:00,692.266433868324,2020-06-25 08:00:00,NA,15.6933333333333,NA,NA,692.266433868324
"209","VAUL",2020-06-25 03:30:00,690.515939816891,2020-06-25 08:00:00,NA,23.8,NA,NA,690.515939816891
"210","VAUL",2020-06-25 03:45:00,694.016927919816,2020-06-25 08:00:00,NA,15.7766666666667,NA,NA,694.016927919816
"211","VAUL",2020-06-25 04:00:00,692.266433868324,2020-06-25 08:00:00,NA,23.1,NA,NA,692.266433868324
"212","VAUL",2020-06-25 04:15:00,694.016927919816,2020-06-25 08:00:00,NA,15.73,NA,NA,694.016927919816
"213","VAUL",2020-06-25 04:30:00,687.014951713907,2020-06-25 08:00:00,NA,23.775,NA,NA,687.014951713907
"214","VAUL",2020-06-25 04:45:00,678.262481456622,2020-06-25 08:00:00,NA,15.76,NA,NA,678.262481456622
"215","VAUL",2020-06-25 05:00:00,669.51001119928,2020-06-25 08:00:00,NA,23.78,NA,NA,669.51001119928
"216","VAUL",2020-06-25 05:15:00,669.51001119928,2020-06-25 08:00:00,NA,15.7966666666667,NA,NA,669.51001119928
"217","VAUL",2020-06-25 05:30:00,659.007046890503,2020-06-25 08:00:00,NA,23.67,NA,NA,659.007046890503
"218","VAUL",2020-06-25 05:45:00,648.504082581669,2020-06-25 08:00:00,NA,15.8966666666667,NA,NA,648.504082581669
"219","VAUL",2020-06-25 06:00:00,652.005070684652,2020-06-25 08:00:00,NA,23.645,NA,NA,652.005070684652
"220","VAUL",2020-06-25 06:15:00,632.749636118475,2020-06-25 08:00:00,NA,15.83,NA,NA,632.749636118475
"221","VAUL",2020-06-25 06:30:00,638.001118272892,2020-06-25 08:00:00,NA,23.74,NA,NA,638.001118272892
"222","VAUL",2020-06-25 06:45:00,632.749636118475,2020-06-25 08:00:00,NA,15.87,NA,NA,632.749636118475
"223","VAUL",2020-06-25 07:00:00,634.500130169909,2020-06-25 08:00:00,NA,23.995,NA,NA,634.500130169909
"224","VAUL",2020-06-25 07:15:00,629.248648015549,2020-06-25 08:00:00,NA,15.95,NA,NA,629.248648015549
"225","VAUL",2020-06-25 07:30:00,618.745683706773,2020-06-25 08:00:00,NA,23.805,NA,NA,618.745683706773
"226","VAUL",2020-06-25 07:45:00,623.997165861132,2020-06-25 08:00:00,NA,15.8666666666667,NA,NA,623.997165861132
"227","VAUL",2020-06-25 08:00:00,613.494201552356,2020-06-25 08:00:00,NA,24.25,NA,NA,613.494201552356
"228","VAUL",2020-06-25 08:15:00,615.244695603789,2020-06-25 08:00:00,NA,15.8866666666667,NA,NA,615.244695603789
"229","VAUL",2020-06-25 08:30:00,609.99321344943,2020-06-25 08:00:00,NA,24.055,NA,NA,609.99321344943
"230","VAUL",2020-06-25 08:45:00,615.244695603789,2020-06-25 08:00:00,NA,15.9766666666667,NA,NA,615.244695603789
"231","VAUL",2020-06-25 09:00:00,601.240743192087,2020-06-25 08:00:00,NA,24.315,NA,NA,601.240743192087
"232","VAUL",2020-06-25 09:15:00,611.743707500922,2020-06-25 08:00:00,NA,16.04,NA,NA,611.743707500922
"233","VAUL",2020-06-25 09:30:00,615.244695603789,2020-06-25 08:00:00,NA,23.775,NA,NA,615.244695603789
"234","VAUL",2020-06-25 09:45:00,613.494201552356,2020-06-25 08:00:00,NA,16.0566666666667,NA,NA,613.494201552356
"235","VAUL",2020-06-25 10:00:00,608.242719397938,2020-06-25 08:00:00,NA,24.305,NA,NA,608.242719397938
"236","VAUL",2020-06-25 10:15:00,616.995189655281,2020-06-25 08:00:00,NA,16.01,NA,NA,616.995189655281
"237","VAUL",2020-06-25 10:30:00,615.244695603789,2020-06-25 08:00:00,NA,24.56,NA,NA,615.244695603789
"238","VAUL",2020-06-25 10:45:00,611.743707500922,2020-06-25 08:00:00,NA,16.01,NA,NA,611.743707500922
"239","VAUL",2020-06-25 11:00:00,608.242719397938,2020-06-25 08:00:00,NA,23.84,NA,NA,608.242719397938
"240","VAUL",2020-06-25 11:15:00,595.98926103767,2020-06-25 08:00:00,NA,15.98,NA,NA,595.98926103767
"241","VAUL",2020-06-25 11:30:00,601.240743192087,2020-06-25 08:00:00,NA,23.79,NA,NA,601.240743192087
"242","VAUL",2020-06-25 11:45:00,581.985308625968,2020-06-25 08:00:00,NA,16.09,NA,NA,581.985308625968
"243","VAUL",2020-06-25 12:00:00,560.979380008415,2020-06-25 08:00:00,NA,24.66,NA,NA,560.979380008415
"244","VAUL",2020-06-25 12:15:00,578.484320523043,2020-06-25 08:00:00,NA,16.1166666666667,NA,NA,578.484320523043
"245","VAUL",2020-06-25 12:30:00,583.735802677402,2020-06-25 08:00:00,NA,24.28,NA,NA,583.735802677402
"246","VAUL",2020-06-25 12:45:00,585.486296728894,2020-06-25 08:00:00,NA,16.14,NA,NA,585.486296728894
"247","VAUL",2020-06-25 13:00:00,587.236790780385,2020-06-25 08:00:00,NA,24.08,NA,NA,587.236790780385
"248","VAUL",2020-06-25 13:15:00,578.484320523043,2020-06-25 08:00:00,NA,16.1766666666667,NA,NA,578.484320523043
"249","VAUL",2020-06-25 13:30:00,576.733826471551,2020-06-25 08:00:00,NA,24.445,NA,NA,576.733826471551
"250","VAUL",2020-06-25 13:45:00,571.482344317192,2020-06-25 08:00:00,NA,16.2033333333333,NA,NA,571.482344317192
"251","VAUL",2020-06-25 14:00:00,564.480368111283,2020-06-25 08:00:00,NA,24.36,NA,NA,564.480368111283
"252","VAUL",2020-06-25 14:15:00,560.979380008415,2020-06-25 08:00:00,NA,16.1633333333333,NA,NA,560.979380008415
"253","VAUL",2020-06-25 14:30:00,555.72789785394,2020-06-25 08:00:00,NA,24.045,NA,NA,555.72789785394
"254","VAUL",2020-06-25 14:45:00,553.977403802506,2020-06-25 08:00:00,NA,16.1933333333333,NA,NA,553.977403802506
"255","VAUL",2020-06-25 15:00:00,550.476415699581,2020-06-25 08:00:00,NA,24.325,NA,NA,550.476415699581
"256","VAUL",2020-06-25 15:15:00,553.977403802506,2020-06-25 08:00:00,NA,16.18,NA,NA,553.977403802506
"257","VAUL",2020-06-25 15:30:00,545.224933545163,2020-06-25 08:00:00,NA,24.445,NA,NA,545.224933545163
"258","VAUL",2020-06-25 15:45:00,545.224933545163,2020-06-25 08:00:00,NA,16.1333333333333,NA,NA,545.224933545163
"259","VAUL",2020-06-25 16:00:00,545.224933545163,2020-06-25 08:00:00,NA,24.235,NA,NA,545.224933545163
"260","VAUL",2020-06-25 16:15:00,543.474439493672,2020-06-25 08:00:00,NA,16.2066666666667,NA,NA,543.474439493672
"261","VAUL",2020-06-25 16:30:00,534.721969236387,2020-06-25 08:00:00,NA,24.515,NA,NA,534.721969236387
"262","VAUL",2020-06-25 16:45:00,536.472463287821,2020-06-25 08:00:00,NA,16.2666666666667,NA,NA,536.472463287821
"263","VAUL",2020-06-25 17:00:00,534.721969236387,2020-06-25 08:00:00,NA,24.3,NA,NA,534.721969236387
"264","VAUL",2020-06-25 17:15:00,527.719993030536,2020-06-25 08:00:00,NA,16.25,NA,NA,527.719993030536
"265","VAUL",2020-06-25 17:30:00,515.466534670268,2020-06-25 08:00:00,NA,24.86,NA,NA,515.466534670268
"266","VAUL",2020-06-25 17:45:00,520.718016824627,2020-06-25 08:00:00,NA,16.23,NA,NA,520.718016824627
"267","VAUL",2020-06-25 18:00:00,520.718016824627,2020-06-25 08:00:00,NA,24.64,NA,NA,520.718016824627
"268","VAUL",2020-06-25 18:15:00,513.716040618776,2020-06-25 08:00:00,NA,16.4166666666667,NA,NA,513.716040618776
"269","VAUL",2020-06-25 18:30:00,515.466534670268,2020-06-25 08:00:00,NA,24.9,NA,NA,515.466534670268
"270","VAUL",2020-06-25 18:45:00,508.464558464417,2020-06-25 08:00:00,NA,16.2666666666667,NA,NA,508.464558464417
"271","VAUL",2020-06-25 19:00:00,510.21505251585,2020-06-25 08:00:00,NA,24.495,NA,NA,510.21505251585
"272","VAUL",2020-06-25 19:15:00,508.464558464417,2020-06-25 08:00:00,NA,16.4466666666667,NA,NA,508.464558464417
"273","VAUL",2020-06-25 19:30:00,504.963570361433,2020-06-25 08:00:00,NA,24.645,NA,NA,504.963570361433
"274","VAUL",2020-06-25 19:45:00,497.961594155582,2020-06-25 08:00:00,NA,16.3166666666667,NA,NA,497.961594155582
"275","VAUL",2020-06-25 20:00:00,497.961594155582,2020-06-25 08:00:00,NA,24.475,NA,NA,497.961594155582
"276","VAUL",2020-06-25 20:15:00,497.961594155582,2020-06-25 08:00:00,NA,16.4,NA,NA,497.961594155582
"277","VAUL",2020-06-25 20:30:00,492.710112001165,2020-06-25 08:00:00,NA,25.145,NA,NA,492.710112001165
"278","VAUL",2020-06-25 20:45:00,489.209123898239,2020-06-25 08:00:00,NA,16.5166666666667,NA,NA,489.209123898239
"279","VAUL",2020-06-25 21:00:00,490.959617949673,2020-06-25 08:00:00,NA,24.825,NA,NA,490.959617949673
"280","VAUL",2020-06-25 21:15:00,487.458629846806,2020-06-25 08:00:00,NA,16.4233333333333,NA,NA,487.458629846806
"281","VAUL",2020-06-25 21:30:00,485.708135795314,2020-06-25 08:00:00,NA,24.955,NA,NA,485.708135795314
"282","VAUL",2020-06-25 21:45:00,485.708135795314,2020-06-25 08:00:00,NA,16.4733333333333,NA,NA,485.708135795314
"283","VAUL",2020-06-25 22:00:00,480.456653640897,2020-06-25 08:00:00,NA,24.63,NA,NA,480.456653640897
"284","VAUL",2020-06-25 22:15:00,480.456653640897,2020-06-25 08:00:00,NA,16.48,NA,NA,480.456653640897
"285","VAUL",2020-06-25 22:30:00,475.205171486537,2020-06-25 08:00:00,NA,24.895,NA,NA,475.205171486537
"286","VAUL",2020-06-25 22:45:00,478.706159589405,2020-06-25 08:00:00,NA,16.4933333333333,NA,NA,478.706159589405
"287","VAUL",2020-06-25 23:00:00,471.704183383554,2020-06-25 08:00:00,NA,25.025,NA,NA,471.704183383554
"288","VAUL",2020-06-25 23:15:00,469.95368933212,2020-06-25 08:00:00,NA,16.5266666666667,NA,NA,469.95368933212
"289","VAUL",2020-06-25 23:30:00,469.95368933212,2020-06-25 08:00:00,NA,24.765,NA,NA,469.95368933212
"290","VAUL",2020-06-25 23:45:00,459.450725023285,2020-06-25 08:00:00,NA,16.6133333333333,NA,NA,459.450725023285
"291","VAUL",2020-06-26 00:00:00,462.951713126269,2020-06-26 08:00:00,NA,24.43,NA,NA,462.951713126269
"292","VAUL",2020-06-26 00:15:00,459.450725023285,2020-06-26 08:00:00,NA,16.6466666666667,NA,NA,459.450725023285
"293","VAUL",2020-06-26 00:30:00,454.199242868926,2020-06-26 08:00:00,NA,24.895,NA,NA,454.199242868926
"294","VAUL",2020-06-26 00:45:00,452.448748817435,2020-06-26 08:00:00,NA,16.4933333333333,NA,NA,452.448748817435
"295","VAUL",2020-06-26 01:00:00,455.949736920418,2020-06-26 08:00:00,NA,25.07,NA,NA,455.949736920418
"296","VAUL",2020-06-26 01:15:00,455.949736920418,2020-06-26 08:00:00,NA,16.7033333333333,NA,NA,455.949736920418
"297","VAUL",2020-06-26 01:30:00,450.698254766001,2020-06-26 08:00:00,NA,24.65,NA,NA,450.698254766001
"298","VAUL",2020-06-26 01:45:00,447.197266663017,2020-06-26 08:00:00,NA,16.6233333333333,NA,NA,447.197266663017
"299","VAUL",2020-06-26 02:00:00,447.197266663017,2020-06-26 08:00:00,NA,24.785,NA,NA,447.197266663017
"300","VAUL",2020-06-26 02:15:00,443.69627856015,2020-06-26 08:00:00,NA,16.6433333333333,NA,NA,443.69627856015
"301","VAUL",2020-06-26 02:30:00,434.943808302807,2020-06-26 08:00:00,NA,25.29,NA,NA,434.943808302807
"302","VAUL",2020-06-26 02:45:00,431.442820199882,2020-06-26 08:00:00,NA,16.73,NA,NA,431.442820199882
"303","VAUL",2020-06-26 03:00:00,417.438867788122,2020-06-26 08:00:00,NA,24.895,NA,NA,417.438867788122
"304","VAUL",2020-06-26 03:15:00,406.935903479287,2020-06-26 08:00:00,NA,16.6833333333333,NA,NA,406.935903479287
"305","VAUL",2020-06-26 03:30:00,417.438867788122,2020-06-26 08:00:00,NA,24.715,NA,NA,417.438867788122
"306","VAUL",2020-06-26 03:45:00,417.438867788122,2020-06-26 08:00:00,NA,16.6866666666667,NA,NA,417.438867788122
"307","VAUL",2020-06-26 04:00:00,427.941832096898,2020-06-26 08:00:00,NA,25.37,NA,NA,427.941832096898
"308","VAUL",2020-06-26 04:15:00,431.442820199882,2020-06-26 08:00:00,NA,16.7566666666667,NA,NA,431.442820199882
"309","VAUL",2020-06-26 04:30:00,429.69232614839,2020-06-26 08:00:00,NA,24.475,NA,NA,429.69232614839
"310","VAUL",2020-06-26 04:45:00,426.191338045464,2020-06-26 08:00:00,NA,16.67,NA,NA,426.191338045464
"311","VAUL",2020-06-26 05:00:00,429.69232614839,2020-06-26 08:00:00,NA,24.985,NA,NA,429.69232614839
"312","VAUL",2020-06-26 05:15:00,417.438867788122,2020-06-26 08:00:00,NA,16.7266666666667,NA,NA,417.438867788122
"313","VAUL",2020-06-26 05:30:00,413.937879685196,2020-06-26 08:00:00,NA,25.485,NA,NA,413.937879685196
"314","VAUL",2020-06-26 05:45:00,406.935903479287,2020-06-26 08:00:00,NA,16.77,NA,NA,406.935903479287
"315","VAUL",2020-06-26 06:00:00,406.935903479287,2020-06-26 08:00:00,NA,25.18,NA,NA,406.935903479287
"316","VAUL",2020-06-26 06:15:00,403.43491537642,2020-06-26 08:00:00,NA,16.8566666666667,NA,NA,403.43491537642
"317","VAUL",2020-06-26 06:30:00,413.937879685196,2020-06-26 08:00:00,NA,25.14,NA,NA,413.937879685196
"318","VAUL",2020-06-26 06:45:00,417.438867788122,2020-06-26 08:00:00,NA,16.8633333333333,NA,NA,417.438867788122
"319","VAUL",2020-06-26 07:00:00,412.187385633762,2020-06-26 08:00:00,NA,25.325,NA,NA,412.187385633762
"320","VAUL",2020-06-26 07:15:00,394.682445119019,2020-06-26 08:00:00,NA,16.9233333333333,NA,NA,394.682445119019
"321","VAUL",2020-06-26 07:30:00,385.929974861734,2020-06-26 08:00:00,NA,25.07,NA,NA,385.929974861734
"322","VAUL",2020-06-26 07:45:00,391.181457016151,2020-06-26 08:00:00,NA,16.7533333333333,NA,NA,391.181457016151
"323","VAUL",2020-06-26 08:00:00,399.933927273494,2020-06-26 08:00:00,NA,25.155,NA,NA,399.933927273494
"324","VAUL",2020-06-26 08:15:00,403.43491537642,2020-06-26 08:00:00,NA,16.9666666666667,NA,NA,403.43491537642
"325","VAUL",2020-06-26 08:30:00,378.927998655883,2020-06-26 08:00:00,NA,25.33,NA,NA,378.927998655883
"326","VAUL",2020-06-26 08:45:00,389.43096296466,2020-06-26 08:00:00,NA,16.9133333333333,NA,NA,389.43096296466
"327","VAUL",2020-06-26 09:00:00,378.927998655883,2020-06-26 08:00:00,NA,25.27,NA,NA,378.927998655883
"328","VAUL",2020-06-26 09:15:00,373.676516501524,2020-06-26 08:00:00,NA,16.9333333333333,NA,NA,373.676516501524
"329","VAUL",2020-06-26 09:30:00,375.427010552899,2020-06-26 08:00:00,NA,25.55,NA,NA,375.427010552899
"330","VAUL",2020-06-26 09:45:00,382.428986758809,2020-06-26 08:00:00,NA,16.9633333333333,NA,NA,382.428986758809
"331","VAUL",2020-06-26 10:00:00,385.929974861734,2020-06-26 08:00:00,NA,25.45,NA,NA,385.929974861734
"332","VAUL",2020-06-26 10:15:00,384.179480810242,2020-06-26 08:00:00,NA,16.9733333333333,NA,NA,384.179480810242
"333","VAUL",2020-06-26 10:30:00,382.428986758809,2020-06-26 08:00:00,NA,25.56,NA,NA,382.428986758809
"334","VAUL",2020-06-26 10:45:00,382.428986758809,2020-06-26 08:00:00,NA,17.13,NA,NA,382.428986758809
"335","VAUL",2020-06-26 11:00:00,382.428986758809,2020-06-26 08:00:00,NA,25.5,NA,NA,382.428986758809
"336","VAUL",2020-06-26 11:15:00,380.678492707317,2020-06-26 08:00:00,NA,17.11,NA,NA,380.678492707317
"337","VAUL",2020-06-26 11:30:00,375.427010552899,2020-06-26 08:00:00,NA,25.44,NA,NA,375.427010552899
"338","VAUL",2020-06-26 11:45:00,349.169599780929,2020-06-26 08:00:00,NA,17.1566666666667,NA,NA,349.169599780929
"339","VAUL",2020-06-26 12:00:00,350.920093832421,2020-06-26 08:00:00,NA,25.865,NA,NA,350.920093832421
"340","VAUL",2020-06-26 12:15:00,357.922070038272,2020-06-26 08:00:00,NA,17.12,NA,NA,357.922070038272
"341","VAUL",2020-06-26 12:30:00,371.926022450032,2020-06-26 08:00:00,NA,25.66,NA,NA,371.926022450032
"342","VAUL",2020-06-26 12:45:00,368.425034347048,2020-06-26 08:00:00,NA,17.1566666666667,NA,NA,368.425034347048
"343","VAUL",2020-06-26 13:00:00,363.173552192689,2020-06-26 08:00:00,NA,25.765,NA,NA,363.173552192689
"344","VAUL",2020-06-26 13:15:00,361.423058141198,2020-06-26 08:00:00,NA,17.2466666666667,NA,NA,361.423058141198
"345","VAUL",2020-06-26 13:30:00,366.674540295615,2020-06-26 08:00:00,NA,26.055,NA,NA,366.674540295615
"346","VAUL",2020-06-26 13:45:00,370.17552839854,2020-06-26 08:00:00,NA,17.3166666666667,NA,NA,370.17552839854
"347","VAUL",2020-06-26 14:00:00,371.926022450032,2020-06-26 08:00:00,NA,26.21,NA,NA,371.926022450032
"348","VAUL",2020-06-26 14:15:00,370.17552839854,2020-06-26 08:00:00,NA,17.4066666666667,NA,NA,370.17552839854
"349","VAUL",2020-06-26 14:30:00,366.674540295615,2020-06-26 08:00:00,NA,25.88,NA,NA,366.674540295615
"350","VAUL",2020-06-26 14:45:00,370.17552839854,2020-06-26 08:00:00,NA,17.43,NA,NA,370.17552839854
"351","VAUL",2020-06-26 15:00:00,366.674540295615,2020-06-26 08:00:00,NA,26.45,NA,NA,366.674540295615
"352","VAUL",2020-06-26 15:15:00,364.924046244123,2020-06-26 08:00:00,NA,17.4333333333333,NA,NA,364.924046244123
"353","VAUL",2020-06-26 15:30:00,361.423058141198,2020-06-26 08:00:00,NA,26.325,NA,NA,361.423058141198
"354","VAUL",2020-06-26 15:45:00,361.423058141198,2020-06-26 08:00:00,NA,17.4166666666667,NA,NA,361.423058141198
"355","VAUL",2020-06-26 16:00:00,359.672564089764,2020-06-26 08:00:00,NA,26.315,NA,NA,359.672564089764
"356","VAUL",2020-06-26 16:15:00,359.672564089764,2020-06-26 08:00:00,NA,17.52,NA,NA,359.672564089764
"357","VAUL",2020-06-26 16:30:00,354.421081935347,2020-06-26 08:00:00,NA,26.725,NA,NA,354.421081935347
"358","VAUL",2020-06-26 16:45:00,356.17157598678,2020-06-26 08:00:00,NA,17.5733333333333,NA,NA,356.17157598678
"359","VAUL",2020-06-26 17:00:00,349.169599780929,2020-06-26 08:00:00,NA,26.155,NA,NA,349.169599780929
"360","VAUL",2020-06-26 17:15:00,350.920093832421,2020-06-26 08:00:00,NA,17.5666666666667,NA,NA,350.920093832421
"361","VAUL",2020-06-26 17:30:00,347.419105729496,2020-06-26 08:00:00,NA,26.335,NA,NA,347.419105729496
"362","VAUL",2020-06-26 17:45:00,345.668611678004,2020-06-26 08:00:00,NA,17.5933333333333,NA,NA,345.668611678004
"363","VAUL",2020-06-26 18:00:00,349.169599780929,2020-06-26 08:00:00,NA,26.69,NA,NA,349.169599780929
"364","VAUL",2020-06-26 18:15:00,347.419105729496,2020-06-26 08:00:00,NA,17.6033333333333,NA,NA,347.419105729496
"365","VAUL",2020-06-26 18:30:00,345.668611678004,2020-06-26 08:00:00,NA,26.265,NA,NA,345.668611678004
"366","VAUL",2020-06-26 18:45:00,345.668611678004,2020-06-26 08:00:00,NA,17.6333333333333,NA,NA,345.668611678004
"367","VAUL",2020-06-26 19:00:00,342.167623575078,2020-06-26 08:00:00,NA,26.51,NA,NA,342.167623575078
"368","VAUL",2020-06-26 19:15:00,336.916141420661,2020-06-26 08:00:00,NA,17.72,NA,NA,336.916141420661
"369","VAUL",2020-06-26 19:30:00,340.417129523645,2020-06-26 08:00:00,NA,26.21,NA,NA,340.417129523645
"370","VAUL",2020-06-26 19:45:00,336.916141420661,2020-06-26 08:00:00,NA,17.6833333333333,NA,NA,336.916141420661
"371","VAUL",2020-06-26 20:00:00,335.165647369227,2020-06-26 08:00:00,NA,26.54,NA,NA,335.165647369227
"372","VAUL",2020-06-26 20:15:00,338.666635472153,2020-06-26 08:00:00,NA,17.7066666666667,NA,NA,338.666635472153
"373","VAUL",2020-06-26 20:30:00,335.165647369227,2020-06-26 08:00:00,NA,26.705,NA,NA,335.165647369227
"374","VAUL",2020-06-26 20:45:00,328.163671163376,2020-06-26 08:00:00,NA,17.79,NA,NA,328.163671163376
"375","VAUL",2020-06-26 21:00:00,335.165647369227,2020-06-26 08:00:00,NA,26.74,NA,NA,335.165647369227
"376","VAUL",2020-06-26 21:15:00,328.163671163376,2020-06-26 08:00:00,NA,17.7833333333333,NA,NA,328.163671163376
"377","VAUL",2020-06-26 21:30:00,324.662683060393,2020-06-26 08:00:00,NA,26.84,NA,NA,324.662683060393
"378","VAUL",2020-06-26 21:45:00,319.411200906034,2020-06-26 08:00:00,NA,17.7833333333333,NA,NA,319.411200906034
"379","VAUL",2020-06-26 22:00:00,321.161694957525,2020-06-26 08:00:00,NA,26.79,NA,NA,321.161694957525
"380","VAUL",2020-06-26 22:15:00,322.912189008901,2020-06-26 08:00:00,NA,17.7033333333333,NA,NA,322.912189008901
"381","VAUL",2020-06-26 22:30:00,315.910212803108,2020-06-26 08:00:00,NA,26.625,NA,NA,315.910212803108
"382","VAUL",2020-06-26 22:45:00,315.910212803108,2020-06-26 08:00:00,NA,17.7966666666667,NA,NA,315.910212803108
"383","VAUL",2020-06-26 23:00:00,314.159718751616,2020-06-26 08:00:00,NA,26.435,NA,NA,314.159718751616
"384","VAUL",2020-06-26 23:15:00,310.658730648691,2020-06-26 08:00:00,NA,17.83,NA,NA,310.658730648691
"385","VAUL",2020-06-26 23:30:00,308.908236597257,2020-06-26 08:00:00,NA,26.47,NA,NA,308.908236597257
"386","VAUL",2020-06-26 23:45:00,308.908236597257,2020-06-26 08:00:00,NA,17.7533333333333,NA,NA,308.908236597257
"387","VAUL",2020-06-27 00:00:00,301.906260391348,2020-06-27 08:00:00,NA,26.945,NA,NA,301.906260391348
"388","VAUL",2020-06-27 00:15:00,303.656754442782,2020-06-27 08:00:00,NA,17.8166666666667,NA,NA,303.656754442782
"389","VAUL",2020-06-27 00:30:00,293.153790134005,2020-06-27 08:00:00,NA,26.68,NA,NA,293.153790134005
"390","VAUL",2020-06-27 00:45:00,298.405272288423,2020-06-27 08:00:00,NA,17.71,NA,NA,298.405272288423
"391","VAUL",2020-06-27 01:00:00,298.405272288423,2020-06-27 08:00:00,NA,26.785,NA,NA,298.405272288423
"392","VAUL",2020-06-27 01:15:00,301.906260391348,2020-06-27 08:00:00,NA,17.8033333333333,NA,NA,301.906260391348
"393","VAUL",2020-06-27 01:30:00,300.155766339914,2020-06-27 08:00:00,NA,26.675,NA,NA,300.155766339914
"394","VAUL",2020-06-27 01:45:00,296.654778236931,2020-06-27 08:00:00,NA,17.77,NA,NA,296.654778236931
"395","VAUL",2020-06-27 02:00:00,293.153790134005,2020-06-27 08:00:00,NA,26.535,NA,NA,293.153790134005
"396","VAUL",2020-06-27 02:15:00,294.904284185497,2020-06-27 08:00:00,NA,17.76,NA,NA,294.904284185497
"397","VAUL",2020-06-27 02:30:00,293.153790134005,2020-06-27 08:00:00,NA,26.665,NA,NA,293.153790134005
"398","VAUL",2020-06-27 02:45:00,293.153790134005,2020-06-27 08:00:00,NA,17.8066666666667,NA,NA,293.153790134005
"399","VAUL",2020-06-27 03:00:00,287.902307979646,2020-06-27 08:00:00,NA,26.85,NA,NA,287.902307979646
"400","VAUL",2020-06-27 03:15:00,287.902307979646,2020-06-27 08:00:00,NA,17.7933333333333,NA,NA,287.902307979646
"401","VAUL",2020-06-27 03:30:00,280.900331773737,2020-06-27 08:00:00,NA,26.54,NA,NA,280.900331773737
"402","VAUL",2020-06-27 03:45:00,286.151813928154,2020-06-27 08:00:00,NA,17.8633333333333,NA,NA,286.151813928154
"403","VAUL",2020-06-27 04:00:00,289.65280203108,2020-06-27 08:00:00,NA,26.715,NA,NA,289.65280203108
"404","VAUL",2020-06-27 04:15:00,282.650825825229,2020-06-27 08:00:00,NA,17.85,NA,NA,282.650825825229
"405","VAUL",2020-06-27 04:30:00,280.900331773737,2020-06-27 08:00:00,NA,26.38,NA,NA,280.900331773737
"406","VAUL",2020-06-27 04:45:00,280.900331773737,2020-06-27 08:00:00,NA,17.8666666666667,NA,NA,280.900331773737
